area_fips,own_code,industry_code,agglvl_code,size_code,year,qtr,disclosure_code,annual_avg_estabs,annual_avg_emplvl,total_annual_wages,taxable_annual_wages,annual_contributions,annual_avg_wkly_wage,avg_annual_pay,lq_disclosure_code,lq_annual_avg_estabs,lq_annual_avg_emplvl,lq_total_annual_wages,lq_taxable_annual_wages,lq_annual_contributions,lq_annual_avg_wkly_wage,lq_avg_annual_pay,oty_disclosure_code,oty_annual_avg_estabs_chg,oty_annual_avg_estabs_pct_chg,oty_annual_avg_emplvl_chg,oty_annual_avg_emplvl_pct_chg,oty_total_annual_wages_chg,oty_total_annual_wages_pct_chg,oty_taxable_annual_wages_chg,oty_taxable_annual_wages_pct_chg,oty_annual_contributions_chg,oty_annual_contributions_pct_chg,oty_annual_avg_wkly_wage_chg,oty_annual_avg_wkly_wage_pct_chg,oty_avg_annual_pay_chg,oty_avg_annual_pay_pct_chg
39117,0,10,70,0,2020,A,,500,5162,201436127,39198346,765354,751,39027,,1.00,1.00,1.00,1.00,1.00,1.00,1.00,,16,3.3,-286,-5.2,1845484,0.9,-1566546,-3.8,-16502,-2.1,46,6.5,2389,6.5
39117,1,10,71,0,2020,A,,10,49,2544142,0,0,990,51483,,3.42,0.45,0.45,0.00,0.00,0.99,0.99,,0,0.0,2,4.3,103431,4.2,0,0.0,0,0.0,0,0.0,9,0.0
39117,1,102,72,0,2020,A,,10,49,2544142,0,0,990,51483,,3.43,0.46,0.46,0.00,0.00,0.99,0.99,,0,0.0,2,4.3,103431,4.2,0,0.0,0,0.0,0,0.0,9,0.0
39117,1,1021,73,0,2020,A,,8,43,2304543,0,0,1039,54013,,5.54,1.73,2.34,0.00,0.00,1.36,1.36,,0,0.0,1,2.4,62263,2.8,0,0.0,0,0.0,8,0.8,413,0.8
39117,1,1028,73,0,2020,A,,2,7,239599,0,0,683,35496,,1.65,0.12,0.07,0.00,0.00,0.62,0.62,,0,0.0,1,16.7,41168,20.7,0,0.0,0,0.0,0,0.0,-44,-0.1
39117,1,48-49,74,0,2020,A,,8,43,2304543,0,0,1039,54013,,5.70,1.88,2.51,0.00,0.00,1.35,1.35,,0,0.0,1,2.4,62263,2.8,0,0.0,0,0.0,8,0.8,413,0.8
39117,1,491,75,0,2020,A,,8,43,2304543,0,0,1039,54013,,5.73,1.92,2.62,0.00,0.00,1.37,1.37,,0,0.0,1,2.4,62263,2.8,0,0.0,0,0.0,8,0.8,413,0.8
39117,1,4911,76,0,2020,A,,8,43,2304543,0,0,1039,54013,,5.73,1.92,2.62,0.00,0.00,1.37,1.37,,0,0.0,1,2.4,62263,2.8,0,0.0,0,0.0,8,0.8,413,0.8
39117,1,49111,77,0,2020,A,,8,43,2304543,0,0,1039,54013,,5.73,1.92,2.62,0.00,0.00,1.37,1.37,,0,0.0,1,2.4,62263,2.8,0,0.0,0,0.0,8,0.8,413,0.8
39117,1,491110,78,0,2020,A,,8,43,2304543,0,0,1039,54013,,5.73,1.92,2.62,0.00,0.00,1.37,1.37,,0,0.0,1,2.4,62263,2.8,0,0.0,0,0.0,8,0.8,413,0.8
39117,1,92,74,0,2020,A,,2,7,239599,0,0,683,35496,,1.65,0.12,0.07,0.00,0.00,0.62,0.62,,0,0.0,1,16.7,41168,20.7,0,0.0,0,0.0,0,0.0,-44,-0.1
39117,1,926,75,0,2020,A,,2,7,239599,0,0,683,35496,,4.08,0.60,0.41,0.00,0.00,0.71,0.71,,0,0.0,1,16.7,41168,20.7,0,0.0,0,0.0,0,0.0,-44,-0.1
39117,1,9261,76,0,2020,A,,2,7,239599,0,0,683,35496,,4.08,0.60,0.41,0.00,0.00,0.71,0.71,,0,0.0,1,16.7,41168,20.7,0,0.0,0,0.0,0,0.0,-44,-0.1
39117,1,92611,77,0,2020,A,,1,3,46138,0,0,288,14964,,4.45,0.67,0.31,0.00,0.00,0.45,0.45,,0,0.0,2,200.0,27515,147.7,0,0.0,0,0.0,35,13.8,1818,13.8
39117,1,926110,78,0,2020,A,,1,3,46138,0,0,288,14964,,4.45,0.67,0.31,0.00,0.00,0.45,0.45,,0,0.0,2,200.0,27515,147.7,0,0.0,0,0.0,35,13.8,1818,13.8
39117,1,92614,77,0,2020,A,,1,4,193461,0,0,1015,52762,,6.55,2.45,2.28,0.00,0.00,1.02,1.02,,0,0.0,0,0.0,13653,7.6,0,0.0,0,0.0,185,22.3,9608,22.3
39117,1,926140,78,0,2020,A,,1,4,193461,0,0,1015,52762,,6.55,2.45,2.28,0.00,0.00,1.02,1.02,,0,0.0,0,0.0,13653,7.6,0,0.0,0,0.0,185,22.3,9608,22.3
39117,2,10,71,0,2020,A,,9,67,4373727,0,0,1260,65524,,2.69,0.39,0.64,0.00,0.00,1.63,1.63,,0,0.0,1,1.5,130392,3.1,0,0.0,0,0.0,28,2.3,1474,2.3
39117,2,102,72,0,2020,A,,9,67,4373727,0,0,1260,65524,,2.77,0.40,0.65,0.00,0.00,1.63,1.63,,0,0.0,1,1.5,130392,3.1,0,0.0,0,0.0,28,2.3,1474,2.3
39117,2,1025,73,0,2020,A,N,2,0,0,0,0,0,0,N,2.86,0,0,0,0,0,0,N,0,0.0,0,0,0,0,0,0,0,0,0,0,0,0
39117,2,1028,73,0,2020,A,N,7,0,0,0,0,0,0,N,2.94,0,0,0,0,0,0,N,0,0.0,0,0,0,0,0,0,0,0,0,0,0,0
39117,2,62,74,0,2020,A,N,2,0,0,0,0,0,0,N,6.21,0,0,0,0,0,0,N,0,0.0,0,0,0,0,0,0,0,0,0,0,0,0
39117,2,621,75,0,2020,A,N,2,0,0,0,0,0,0,N,36.54,0,0,0,0,0,0,N,0,0.0,0,0,0,0,0,0,0,0,0,0,0,0
39117,2,6211,76,0,2020,A,N,2,0,0,0,0,0,0,N,202.66,0,0,0,0,0,0,N,0,0.0,0,0,0,0,0,0,0,0,0,0,0,0
39117,2,62111,77,0,2020,A,N,2,0,0,0,0,0,0,N,202.66,0,0,0,0,0,0,N,0,0.0,0,0,0,0,0,0,0,0,0,0,0,0
39117,2,621111,78,0,2020,A,N,2,0,0,0,0,0,0,N,206.65,0,0,0,0,0,0,N,0,0.0,0,0,0,0,0,0,0,0,0,0,0,0
39117,2,92,74,0,2020,A,N,7,0,0,0,0,0,0,N,2.94,0,0,0,0,0,0,N,0,0.0,0,0,0,0,0,0,0,0,0,0,0,0
39117,2,922,75,0,2020,A,N,2,0,0,0,0,0,0,N,2.93,0,0,0,0,0,0,N,0,0.0,0,0,0,0,0,0,0,0,0,0,0,0
39117,2,9221,76,0,2020,A,N,2,0,0,0,0,0,0,N,2.93,0,0,0,0,0,0,N,0,0.0,0,0,0,0,0,0,0,0,0,0,0,0
39117,2,92211,77,0,2020,A,N,1,0,0,0,0,0,0,N,5.41,0,0,0,0,0,0,N,0,0.0,0,0,0,0,0,0,0,0,0,0,0,0
39117,2,922110,78,0,2020,A,N,1,0,0,0,0,0,0,N,5.41,0,0,0,0,0,0,N,0,0.0,0,0,0,0,0,0,0,0,0,0,0,0
39117,2,92212,77,0,2020,A,N,1,0,0,0,0,0,0,N,8.06,0,0,0,0,0,0,N,0,0.0,0,0,0,0,0,0,0,0,0,0,0,0
39117,2,922120,78,0,2020,A,N,1,0,0,0,0,0,0,N,8.06,0,0,0,0,0,0,N,0,0.0,0,0,0,0,0,0,0,0,0,0,0,0
39117,2,923,75,0,2020,A,N,1,0,0,0,0,0,0,N,1.99,0,0,0,0,0,0,N,0,0.0,0,0,0,0,0,0,0,0,0,0,0,0
39117,2,9231,76,0,2020,A,N,1,0,0,0,0,0,0,N,1.99,0,0,0,0,0,0,N,0,0.0,0,0,0,0,0,0,0,0,0,0,0,0
39117,2,92312,77,0,2020,A,N,1,0,0,0,0,0,0,N,6.15,0,0,0,0,0,0,N,0,0.0,0,0,0,0,0,0,0,0,0,0,0,0
39117,2,923120,78,0,2020,A,N,1,0,0,0,0,0,0,N,6.15,0,0,0,0,0,0,N,0,0.0,0,0,0,0,0,0,0,0,0,0,0,0
39117,2,924,75,0,2020,A,N,1,0,0,0,0,0,0,N,2.99,0,0,0,0,0,0,N,0,0.0,0,0,0,0,0,0,0,0,0,0,0,0
39117,2,9241,76,0,2020,A,N,1,0,0,0,0,0,0,N,2.99,0,0,0,0,0,0,N,0,0.0,0,0,0,0,0,0,0,0,0,0,0,0
39117,2,92412,77,0,2020,A,N,1,0,0,0,0,0,0,N,3.63,0,0,0,0,0,0,N,0,0.0,0,0,0,0,0,0,0,0,0,0,0,0
39117,2,924120,78,0,2020,A,N,1,0,0,0,0,0,0,N,3.63,0,0,0,0,0,0,N,0,0.0,0,0,0,0,0,0,0,0,0,0,0,0
39117,2,926,75,0,2020,A,,3,33,1730953,0,0,1022,53124,,5.80,2.98,4.00,0.00,0.00,1.36,1.36,,0,0.0,1,3.1,13568,0.8,0,0.0,0,0.0,-7,-0.7,-405,-0.8
39117,2,9261,76,0,2020,A,,3,33,1730953,0,0,1022,53124,,5.80,2.98,4.00,0.00,0.00,1.36,1.36,,0,0.0,1,3.1,13568,0.8,0,0.0,0,0.0,-7,-0.7,-405,-0.8
39117,2,92612,77,0,2020,A,N,1,0,0,0,0,0,0,N,5.32,0,0,0,0,0,0,N,0,0.0,0,0,0,0,0,0,0,0,0,0,0,0
39117,2,926120,78,0,2020,A,N,1,0,0,0,0,0,0,N,5.32,0,0,0,0,0,0,N,0,0.0,0,0,0,0,0,0,0,0,0,0,0,0
39117,2,92614,77,0,2020,A,N,2,0,0,0,0,0,0,N,13.53,0,0,0,0,0,0,N,0,0.0,0,0,0,0,0,0,0,0,0,0,0,0
39117,2,926140,78,0,2020,A,N,2,0,0,0,0,0,0,N,13.53,0,0,0,0,0,0,N,0,0.0,0,0,0,0,0,0,0,0,0,0,0,0
39117,3,10,71,0,2020,A,,51,1364,52455145,161975,485,740,38464,,6.25,2.69,2.99,0.29,0.11,1.11,1.11,,0,0.0,-86,-5.9,833383,1.6,-17832,-9.9,-56,-10.4,55,8.0,2869,8.1
39117,3,101,72,0,2020,A,N,1,0,0,0,0,0,0,N,4.78,0,0,0,0,0,0,N,0,0.0,0,0,0,0,0,0,0,0,0,0,0,0
39117,3,1012,73,0,2020,A,N,1,0,0,0,0,0,0,N,4.90,0,0,0,0,0,0,N,0,0.0,0,0,0,0,0,0,0,0,0,0,0,0
39117,3,102,72,0,2020,A,N,50,0,0,0,0,0,0,N,6.29,0,0,0,0,0,0,N,0,0.0,0,0,0,0,0,0,0,0,0,0,0,0
39117,3,1022,73,0,2020,A,,4,41,560470,161975,485,261,13560,,16.36,9.02,5.47,29.42,12.82,0.60,0.60,,0,0.0,1,2.5,10005,1.8,-17832,-9.9,-56,-10.4,-1,-0.4,-88,-0.6
39117,3,1024,73,0,2020,A,N,2,0,0,0,0,0,0,N,9.38,0,0,0,0,0,0,N,0,0.0,0,0,0,0,0,0,0,0,0,0,0,0
39117,3,1025,73,0,2020,A,,15,981,41298041,0,0,809,42080,,4.29,3.17,4.05,0.00,0.00,1.28,1.28,,0,0.0,-61,-5.9,595941,1.5,0,0.0,0,0.0,58,7.7,3022,7.7
39117,3,1027,73,0,2020,A,,3,12,117064,0,0,192,9963,,29.82,10.21,3.34,0.00,0.00,0.33,0.33,,0,0.0,1,9.1,5368,4.8,0,0.0,0,0.0,-3,-1.5,-191,-1.9
39117,3,1028,73,0,2020,A,,26,294,9053869,0,0,591,30752,,8.66,1.96,1.57,0.00,0.00,0.80,0.80,,0,0.0,-25,-7.8,338624,3.9,0,0.0,0,0.0,65,12.4,3424,12.5
39117,3,23,74,0,2020,A,N,1,0,0,0,0,0,0,N,4.90,0,0,0,0,0,0,N,0,0.0,0,0,0,0,0,0,0,0,0,0,0,0
39117,3,237,75,0,2020,A,N,1,0,0,0,0,0,0,N,5.12,0,0,0,0,0,0,N,0,0.0,0,0,0,0,0,0,0,0,0,0,0,0
39117,3,2373,76,0,2020,A,N,1,0,0,0,0,0,0,N,5.33,0,0,0,0,0,0,N,0,0.0,0,0,0,0,0,0,0,0,0,0,0,0
39117,3,23731,77,0,2020,A,N,1,0,0,0,0,0,0,N,5.33,0,0,0,0,0,0,N,0,0.0,0,0,0,0,0,0,0,0,0,0,0,0
39117,3,237310,78,0,2020,A,N,1,0,0,0,0,0,0,N,5.33,0,0,0,0,0,0,N,0,0.0,0,0,0,0,0,0,0,0,0,0,0,0
39117,3,51,74,0,2020,A,,4,41,560470,161975,485,261,13560,,16.36,9.02,5.47,29.42,12.82,0.60,0.60,,0,0.0,1,2.5,10005,1.8,-17832,-9.9,-56,-10.4,-1,-0.4,-88,-0.6
39117,3,519,75,0,2020,A,,4,41,560470,161975,485,261,13560,,17.02,9.33,5.84,31.37,13.70,0.62,0.62,,0,0.0,1,2.5,10005,1.8,-17832,-9.9,-56,-10.4,-1,-0.4,-88,-0.6
39117,3,5191,76,0,2020,A,,4,41,560470,161975,485,261,13560,,17.02,9.33,5.84,31.37,13.70,0.62,0.62,,0,0.0,1,2.5,10005,1.8,-17832,-9.9,-56,-10.4,-1,-0.4,-88,-0.6
39117,3,51912,77,0,2020,A,,4,41,560470,161975,485,261,13560,,17.03,9.34,5.84,31.43,13.81,0.62,0.62,,0,0.0,1,2.5,10005,1.8,-17832,-9.9,-56,-10.4,-1,-0.4,-88,-0.6
39117,3,519120,78,0,2020,A,,4,41,560470,161975,485,261,13560,,17.03,9.34,5.84,31.43,13.81,0.62,0.62,,0,0.0,1,2.5,10005,1.8,-17832,-9.9,-56,-10.4,-1,-0.4,-88,-0.6
39117,3,54,74,0,2020,A,N,1,0,0,0,0,0,0,N,19.03,0,0,0,0,0,0,N,0,0.0,0,0,0,0,0,0,0,0,0,0,0,0
39117,3,541,75,0,2020,A,N,1,0,0,0,0,0,0,N,19.03,0,0,0,0,0,0,N,0,0.0,0,0,0,0,0,0,0,0,0,0,0,0
39117,3,5413,76,0,2020,A,N,1,0,0,0,0,0,0,N,42.55,0,0,0,0,0,0,N,0,0.0,0,0,0,0,0,0,0,0,0,0,0,0
39117,3,54133,77,0,2020,A,N,1,0,0,0,0,0,0,N,53.10,0,0,0,0,0,0,N,0,0.0,0,0,0,0,0,0,0,0,0,0,0,0
39117,3,541330,78,0,2020,A,N,1,0,0,0,0,0,0,N,53.10,0,0,0,0,0,0,N,0,0.0,0,0,0,0,0,0,0,0,0,0,0,0
39117,3,56,74,0,2020,A,N,1,0,0,0,0,0,0,N,6.22,0,0,0,0,0,0,N,0,0.0,0,0,0,0,0,0,0,0,0,0,0,0
39117,3,561,75,0,2020,A,N,1,0,0,0,0,0,0,N,9.36,0,0,0,0,0,0,N,0,0.0,0,0,0,0,0,0,0,0,0,0,0,0
39117,3,5617,76,0,2020,A,N,1,0,0,0,0,0,0,N,13.96,0,0,0,0,0,0,N,0,0.0,0,0,0,0,0,0,0,0,0,0,0,0
39117,3,56172,77,0,2020,A,N,1,0,0,0,0,0,0,N,23.23,0,0,0,0,0,0,N,0,0.0,0,0,0,0,0,0,0,0,0,0,0,0
39117,3,561720,78,0,2020,A,N,1,0,0,0,0,0,0,N,23.23,0,0,0,0,0,0,N,0,0.0,0,0,0,0,0,0,0,0,0,0,0,0
39117,3,61,74,0,2020,A,,12,699,30835425,0,0,848,44103,,3.81,2.54,3.48,0.00,0.00,1.37,1.37,,0,0.0,-19,-2.6,1037546,3.5,0,0.0,0,0.0,50,6.3,2582,6.2
39117,3,611,75,0,2020,A,,12,699,30835425,0,0,848,44103,,3.81,2.54,3.48,0.00,0.00,1.37,1.37,,0,0.0,-19,-2.6,1037546,3.5,0,0.0,0,0.0,50,6.3,2582,6.2
39117,3,6111,76,0,2020,A,,12,699,30835425,0,0,848,44103,,3.96,2.73,3.73,0.00,0.00,1.36,1.36,,0,0.0,-19,-2.6,1037546,3.5,0,0.0,0,0.0,50,6.3,2582,6.2
39117,3,61111,77,0,2020,A,,12,699,30835425,0,0,848,44103,,3.96,2.73,3.73,0.00,0.00,1.36,1.36,,0,0.0,-19,-2.6,1037546,3.5,0,0.0,0,0.0,50,6.3,2582,6.2
39117,3,611110,78,0,2020,A,,12,699,30835425,0,0,848,44103,,3.96,2.73,3.73,0.00,0.00,1.36,1.36,,0,0.0,-19,-2.6,1037546,3.5,0,0.0,0,0.0,50,6.3,2582,6.2
39117,3,62,74,0,2020,A,,3,282,10462616,0,0,713,37069,,8.73,8.16,7.87,0.00,0.00,0.96,0.96,,0,0.0,-42,-13.0,-441605,-4.0,0,0.0,0,0.0,67,10.4,3457,10.3
39117,3,622,75,0,2020,A,N,1,0,0,0,0,0,0,N,14.86,0,0,0,0,0,0,N,0,0.0,0,0,0,0,0,0,0,0,0,0,0,0
39117,3,6221,76,0,2020,A,N,1,0,0,0,0,0,0,N,15.08,0,0,0,0,0,0,N,0,0.0,0,0,0,0,0,0,0,0,0,0,0,0
39117,3,62211,77,0,2020,A,N,1,0,0,0,0,0,0,N,15.08,0,0,0,0,0,0,N,0,0.0,0,0,0,0,0,0,0,0,0,0,0,0
39117,3,622110,78,0,2020,A,N,1,0,0,0,0,0,0,N,15.08,0,0,0,0,0,0,N,0,0.0,0,0,0,0,0,0,0,0,0,0,0,0
39117,3,624,75,0,2020,A,N,2,0,0,0,0,0,0,N,15.16,0,0,0,0,0,0,N,0,0.0,0,0,0,0,0,0,0,0,0,0,0,0
39117,3,6241,76,0,2020,A,N,2,0,0,0,0,0,0,N,23.74,0,0,0,0,0,0,N,0,0.0,0,0,0,0,0,0,0,0,0,0,0,0
39117,3,62411,77,0,2020,A,N,1,0,0,0,0,0,0,N,81.62,0,0,0,0,0,0,N,0,0.0,0,0,0,0,0,0,0,0,0,0,0,0
39117,3,624110,78,0,2020,A,N,1,0,0,0,0,0,0,N,81.62,0,0,0,0,0,0,N,0,0.0,0,0,0,0,0,0,0,0,0,0,0,0
39117,3,62412,77,0,2020,A,N,1,0,0,0,0,0,0,N,26.93,0,0,0,0,0,0,N,0,0.0,0,0,0,0,0,0,0,0,0,0,0,0
39117,3,624120,78,0,2020,A,N,1,0,0,0,0,0,0,N,26.93,0,0,0,0,0,0,N,0,0.0,0,0,0,0,0,0,0,0,0,0,0,0
39117,3,81,74,0,2020,A,,3,12,117064,0,0,192,9963,,29.82,10.21,3.34,0.00,0.00,0.33,0.33,,0,0.0,1,9.1,5368,4.8,0,0.0,0,0.0,-3,-1.5,-191,-1.9
39117,3,812,75,0,2020,A,,3,12,117064,0,0,192,9963,,59.09,47.04,18.43,0.00,0.00,0.40,0.40,,0,0.0,1,9.1,5368,4.8,0,0.0,0,0.0,-3,-1.5,-191,-1.9
39117,3,8122,76,0,2020,A,,3,12,117064,0,0,192,9963,,84.13,130.13,67.02,0.00,0.00,0.53,0.53,,0,0.0,1,9.1,5368,4.8,0,0.0,0,0.0,-3,-1.5,-191,-1.9
39117,3,81222,77,0,2020,A,,3,12,117064,0,0,192,9963,N,84.35,0,0,0,0,0,0,,0,0.0,1,9.1,5368,4.8,0,0.0,0,0.0,-3,-1.5,-191,-1.9
39117,3,812220,78,0,2020,A,,3,12,117064,0,0,192,9963,N,84.35,0,0,0,0,0,0,,0,0.0,1,9.1,5368,4.8,0,0.0,0,0.0,-3,-1.5,-191,-1.9
39117,3,92,74,0,2020,A,,26,294,9053869,0,0,591,30752,,8.66,1.96,1.57,0.00,0.00,0.80,0.80,,0,0.0,-25,-7.8,338624,3.9,0,0.0,0,0.0,65,12.4,3424,12.5
39117,3,921,75,0,2020,A,,18,137,3589271,0,0,504,26215,,10.32,1.40,1.07,0.00,0.00,0.76,0.76,,0,0.0,-18,-11.6,91296,2.6,0,0.0,0,0.0,70,16.1,3672,16.3
39117,3,9211,76,0,2020,A,,18,137,3589271,0,0,504,26215,,10.32,1.40,1.07,0.00,0.00,0.76,0.76,,0,0.0,-18,-11.6,91296,2.6,0,0.0,0,0.0,70,16.1,3672,16.3
39117,3,92113,77,0,2020,A,N,1,0,0,0,0,0,0,N,8.24,0,0,0,0,0,0,N,0,0.0,0,0,0,0,0,0,0,0,0,0,0,0
39117,3,921130,78,0,2020,A,N,1,0,0,0,0,0,0,N,8.24,0,0,0,0,0,0,N,0,0.0,0,0,0,0,0,0,0,0,0,0,0,0
39117,3,92114,77,0,2020,A,,16,92,2312478,0,0,481,25022,,15.82,1.45,1.07,0.00,0.00,0.73,0.73,,0,0.0,-19,-17.1,42746,1.9,0,0.0,0,0.0,89,22.7,4635,22.7
39117,3,921140,78,0,2020,A,,16,92,2312478,0,0,481,25022,,15.82,1.45,1.07,0.00,0.00,0.73,0.73,,0,0.0,-19,-17.1,42746,1.9,0,0.0,0,0.0,89,22.7,4635,22.7
39117,3,92119,77,0,2020,A,N,1,0,0,0,0,0,0,N,4.66,0,0,0,0,0,0,N,0,0.0,0,0,0,0,0,0,0,0,0,0,0,0
39117,3,921190,78,0,2020,A,N,1,0,0,0,0,0,0,N,4.66,0,0,0,0,0,0,N,0,0.0,0,0,0,0,0,0,0,0,0,0,0,0
39117,3,922,75,0,2020,A,,5,138,4626290,0,0,646,33605,,7.82,3.90,2.67,0.00,0.00,0.68,0.69,,0,0.0,-5,-3.5,288239,6.6,0,0.0,0,0.0,62,10.6,3216,10.6
39117,3,9221,76,0,2020,A,,5,138,4626290,0,0,646,33605,,7.82,3.90,2.67,0.00,0.00,0.68,0.69,,0,0.0,-5,-3.5,288239,6.6,0,0.0,0,0.0,62,10.6,3216,10.6
39117,3,92211,77,0,2020,A,N,1,0,0,0,0,0,0,N,11.23,0,0,0,0,0,0,N,0,0.0,0,0,0,0,0,0,0,0,0,0,0,0
39117,3,922110,78,0,2020,A,N,1,0,0,0,0,0,0,N,11.23,0,0,0,0,0,0,N,0,0.0,0,0,0,0,0,0,0,0,0,0,0,0
39117,3,92212,77,0,2020,A,N,1,0,0,0,0,0,0,N,6.02,0,0,0,0,0,0,N,0,0.0,0,0,0,0,0,0,0,0,0,0,0,0
39117,3,922120,78,0,2020,A,N,1,0,0,0,0,0,0,N,6.02,0,0,0,0,0,0,N,0,0.0,0,0,0,0,0,0,0,0,0,0,0,0
39117,3,92213,77,0,2020,A,N,1,0,0,0,0,0,0,N,19.86,0,0,0,0,0,0,N,0,0.0,0,0,0,0,0,0,0,0,0,0,0,0
39117,3,922130,78,0,2020,A,N,1,0,0,0,0,0,0,N,19.86,0,0,0,0,0,0,N,0,0.0,0,0,0,0,0,0,0,0,0,0,0,0
39117,3,92216,77,0,2020,A,N,2,0,0,0,0,0,0,N,7.78,0,0,0,0,0,0,N,0,0.0,0,0,0,0,0,0,0,0,0,0,0,0
39117,3,922160,78,0,2020,A,N,2,0,0,0,0,0,0,N,7.78,0,0,0,0,0,0,N,0,0.0,0,0,0,0,0,0,0,0,0,0,0,0
39117,3,923,75,0,2020,A,N,1,0,0,0,0,0,0,N,9.45,0,0,0,0,0,0,N,0,0.0,0,0,0,0,0,0,0,0,0,0,0,0
39117,3,9231,76,0,2020,A,N,1,0,0,0,0,0,0,N,9.45,0,0,0,0,0,0,N,0,0.0,0,0,0,0,0,0,0,0,0,0,0,0
39117,3,92312,77,0,2020,A,N,1,0,0,0,0,0,0,N,17.90,0,0,0,0,0,0,N,0,0.0,0,0,0,0,0,0,0,0,0,0,0,0
39117,3,923120,78,0,2020,A,N,1,0,0,0,0,0,0,N,17.90,0,0,0,0,0,0,N,0,0.0,0,0,0,0,0,0,0,0,0,0,0,0
39117,3,925,75,0,2020,A,N,1,0,0,0,0,0,0,N,5.57,0,0,0,0,0,0,N,0,0.0,0,0,0,0,0,0,0,0,0,0,0,0
39117,3,9251,76,0,2020,A,N,1,0,0,0,0,0,0,N,5.57,0,0,0,0,0,0,N,0,0.0,0,0,0,0,0,0,0,0,0,0,0,0
39117,3,92511,77,0,2020,A,N,1,0,0,0,0,0,0,N,8.62,0,0,0,0,0,0,N,0,0.0,0,0,0,0,0,0,0,0,0,0,0,0
39117,3,925110,78,0,2020,A,N,1,0,0,0,0,0,0,N,8.62,0,0,0,0,0,0,N,0,0.0,0,0,0,0,0,0,0,0,0,0,0,0
39117,3,926,75,0,2020,A,N,1,0,0,0,0,0,0,N,7.47,0,0,0,0,0,0,N,0,0.0,0,0,0,0,0,0,0,0,0,0,0,0
39117,3,9261,76,0,2020,A,N,1,0,0,0,0,0,0,N,7.47,0,0,0,0,0,0,N,0,0.0,0,0,0,0,0,0,0,0,0,0,0,0
39117,3,92611,77,0,2020,A,N,1,0,0,0,0,0,0,N,34.67,0,0,0,0,0,0,N,0,0.0,0,0,0,0,0,0,0,0,0,0,0,0
39117,3,926110,78,0,2020,A,N,1,0,0,0,0,0,0,N,34.67,0,0,0,0,0,0,N,0,0.0,0,0,0,0,0,0,0,0,0,0,0,0
39117,5,10,71,0,2020,A,,430,3682,142063113,39036371,764869,742,38588,,0.89,0.84,0.83,1.02,1.01,0.98,0.99,,15,3.6,-202,-5.2,778278,0.6,-1548714,-3.8,-16446,-2.1,42,6.0,2210,6.1
39117,5,101,72,0,2020,A,,114,1258,62424429,14194484,380998,954,49629,,1.78,1.61,1.86,1.73,1.81,1.16,1.16,,3,2.7,-71,-5.3,-3133101,-4.8,-1121865,-7.3,-23007,-5.7,5,0.5,288,0.6
39117,5,1011,73,0,2020,A,,21,66,3188863,709765,17250,928,48255,,3.13,1.00,1.29,0.95,0.86,1.29,1.29,,0,0.0,-1,-1.5,378812,13.5,3674,0.5,-633,-3.5,124,15.4,6470,15.5
39117,5,1012,73,0,2020,A,,74,398,16295028,4503200,188503,787,40899,,1.83,1.49,1.48,1.50,1.87,1.00,1.00,,2,2.8,33,9.0,1438587,9.7,-59825,-1.3,-10482,-5.3,4,0.5,206,0.5
39117,5,1013,73,0,2020,A,,19,793,42940538,8981519,175245,1041,54127,,1.11,1.77,2.14,2.02,1.96,1.21,1.21,,0,0.0,-103,-11.5,-4950500,-10.3,-1065714,-10.6,-11892,-6.4,14,1.4,697,1.3
39117,5,102,72,0,2020,A,,317,2424,79638684,24841887,383871,632,32858,,0.75,0.67,0.58,0.82,0.70,0.86,0.86,,13,4.3,-131,-5.1,3911379,5.2,-426849,-1.7,6561,1.7,62,10.9,3220,10.9
39117,5,1021,73,0,2020,A,,82,791,27699597,7669414,112354,674,35041,,0.88,0.81,0.88,0.86,0.78,1.10,1.10,,2,2.5,-5,-0.6,1200129,4.5,-255336,-3.2,-4966,-4.2,34,5.3,1750,5.3
39117,5,1022,73,0,2020,A,,6,12,735544,115642,3020,1212,63047,,0.63,0.12,0.09,0.11,0.12,0.76,0.76,,1,20.0,0,0.0,107948,17.2,1585,1.4,880,41.1,199,19.6,10382,19.7
39117,5,1023,73,0,2020,A,,38,118,5198630,1095847,12184,846,43994,,0.84,0.39,0.26,0.37,0.23,0.68,0.68,,1,2.7,-8,-6.3,-72563,-1.4,-93971,-7.9,-5848,-32.4,44,5.5,2297,5.5
39117,5,1024,73,0,2020,A,,68,351,13036518,4766531,110763,715,37194,,0.72,0.47,0.34,0.62,0.65,0.72,0.72,,6,9.7,56,19.0,2793585,27.3,1405543,41.8,34299,44.9,48,7.2,2521,7.3
39117,5,1025,73,0,2020,A,,52,624,24034698,6280410,48036,741,38543,,0.58,0.75,0.86,1.39,0.65,1.14,1.14,,4,8.3,-61,-8.9,579447,2.5,-646263,-9.3,-1058,-2.2,82,12.4,4289,12.5
39117,5,1026,73,0,2020,A,,40,452,6679117,4062210,73621,284,14769,,0.94,0.95,0.89,1.09,1.22,0.93,0.94,,-1,-2.4,-105,-18.9,-652778,-8.9,-850401,-17.3,-19076,-20.6,31,12.3,1608,12.2
39117,5,1027,73,0,2020,A,,30,76,2205511,826198,23201,557,28988,,0.76,0.52,0.56,0.70,1.11,1.08,1.08,,0,0.0,-7,-8.4,-77016,-3.4,-4141,-0.5,1894,8.9,29,5.5,1543,5.6
39117,5,1029,73,0,2020,A,,1,1,49069,25635,692,944,49069,,0.12,0.20,0.24,0.37,0.34,1.22,1.22,,0,0.0,1,100.0,32627,198.4,16135,169.8,436,170.3,-5,-0.5,-257,-0.5
39117,5,11,74,0,2020,A,,16,55,2636893,631705,13640,929,48309,,3.09,1.19,2.36,1.26,0.94,1.99,1.99,,0,0.0,-1,-1.8,410534,18.4,12395,2.0,566,4.3,159,20.6,8255,20.6
39117,5,111,75,0,2020,A,,5,21,694314,216191,2162,643,33461,,2.13,1.05,1.49,1.01,0.36,1.44,1.44,,1,25.0,5,31.2,188191,37.2,53428,32.8,-297,-12.1,31,5.1,1663,5.2
39117,5,1111,76,0,2020,A,N,2,0,0,0,0,0,0,N,3.20,0,0,0,0,0,0,N,1,100.0,0,0,0,0,0,0,0,0,0,0,0,0
39117,5,11111,77,0,2020,A,N,1,0,0,0,0,0,0,N,18.10,0,0,0,0,0,0,N,1,100.0,0,0,0,0,0,0,0,0,0,0,0,0
39117,5,111110,78,0,2020,A,N,1,0,0,0,0,0,0,N,18.10,0,0,0,0,0,0,N,1,100.0,0,0,0,0,0,0,0,0,0,0,0,0
39117,5,11115,77,0,2020,A,N,1,0,0,0,0,0,0,N,5.96,0,0,0,0,0,0,N,0,0.0,0,0,0,0,0,0,0,0,0,0,0,0
39117,5,111150,78,0,2020,A,N,1,0,0,0,0,0,0,N,5.96,0,0,0,0,0,0,N,0,0.0,0,0,0,0,0,0,0,0,0,0,0,0
39117,5,1119,76,0,2020,A,N,3,0,0,0,0,0,0,N,5.75,0,0,0,0,0,0,N,0,0.0,0,0,0,0,0,0,0,0,0,0,0,0
39117,5,11199,77,0,2020,A,N,3,0,0,0,0,0,0,N,11.23,0,0,0,0,0,0,N,0,0.0,0,0,0,0,0,0,0,0,0,0,0,0
39117,5,111998,78,0,2020,A,N,3,0,0,0,0,0,0,N,12.50,0,0,0,0,0,0,N,0,0.0,0,0,0,0,0,0,0,0,0,0,0,0
39117,5,112,75,0,2020,A,N,3,0,0,0,0,0,0,N,2.33,0,0,0,0,0,0,N,0,0.0,0,0,0,0,0,0,0,0,0,0,0,0
39117,5,1121,76,0,2020,A,N,2,0,0,0,0,0,0,N,2.40,0,0,0,0,0,0,N,0,0.0,0,0,0,0,0,0,0,0,0,0,0,0
39117,5,11212,77,0,2020,A,N,2,0,0,0,0,0,0,N,5.99,0,0,0,0,0,0,N,0,0.0,0,0,0,0,0,0,0,0,0,0,0,0
39117,5,112120,78,0,2020,A,N,2,0,0,0,0,0,0,N,5.99,0,0,0,0,0,0,N,0,0.0,0,0,0,0,0,0,0,0,0,0,0,0
39117,5,1122,76,0,2020,A,N,1,0,0,0,0,0,0,N,8.66,0,0,0,0,0,0,N,0,0.0,0,0,0,0,0,0,0,0,0,0,0,0
39117,5,11221,77,0,2020,A,N,1,0,0,0,0,0,0,N,8.66,0,0,0,0,0,0,N,0,0.0,0,0,0,0,0,0,0,0,0,0,0,0
39117,5,112210,78,0,2020,A,N,1,0,0,0,0,0,0,N,8.66,0,0,0,0,0,0,N,0,0.0,0,0,0,0,0,0,0,0,0,0,0,0
39117,5,113,75,0,2020,A,N,1,0,0,0,0,0,0,N,2.33,0,0,0,0,0,0,N,0,0.0,0,0,0,0,0,0,0,0,0,0,0,0
39117,5,1133,76,0,2020,A,N,1,0,0,0,0,0,0,N,2.61,0,0,0,0,0,0,N,0,0.0,0,0,0,0,0,0,0,0,0,0,0,0
39117,5,11331,77,0,2020,A,N,1,0,0,0,0,0,0,N,2.61,0,0,0,0,0,0,N,0,0.0,0,0,0,0,0,0,0,0,0,0,0,0
39117,5,113310,78,0,2020,A,N,1,0,0,0,0,0,0,N,2.61,0,0,0,0,0,0,N,0,0.0,0,0,0,0,0,0,0,0,0,0,0,0
39117,5,115,75,0,2020,A,,7,24,1651443,296710,9222,1319,68572,,7.07,1.73,5.09,1.96,1.42,2.93,2.93,,-1,-12.5,-4,-14.3,212610,14.8,-19801,-6.3,1707,22.7,337,34.3,17489,34.2
39117,5,1151,76,0,2020,A,,4,15,1355155,189818,1751,1757,91359,,6.85,1.24,4.95,1.46,0.29,4.03,4.03,,-1,-20.0,-3,-16.7,150538,12.5,-37778,-16.6,26,1.5,452,34.6,23493,34.6
39117,5,11511,77,0,2020,A,,4,15,1355155,189818,1751,1757,91359,,6.85,1.24,4.95,1.46,0.29,4.03,4.03,,-1,-20.0,-3,-16.7,150538,12.5,-37778,-16.6,26,1.5,452,34.6,23493,34.6
39117,5,115112,78,0,2020,A,N,1,0,0,0,0,0,0,N,5.42,0,0,0,0,0,0,N,0,0.0,0,0,0,0,0,0,0,0,0,0,0,0
39117,5,115114,78,0,2020,A,N,3,0,0,0,0,0,0,N,28.68,0,0,0,0,0,0,N,-1,-25.0,0,0,0,0,0,0,0,0,0,0,0,0
39117,5,1152,76,0,2020,A,,3,9,296288,106892,7471,616,32031,,10.59,7.93,10.43,10.50,57.01,1.28,1.28,,0,0.0,-1,-10.0,62072,26.5,17977,20.2,1681,29.0,184,42.6,9546,42.5
39117,5,11521,77,0,2020,A,,3,9,296288,106892,7471,616,32031,,10.59,7.93,10.43,10.50,57.01,1.28,1.28,,0,0.0,-1,-10.0,62072,26.5,17977,20.2,1681,29.0,184,42.6,9546,42.5
39117,5,115210,78,0,2020,A,,3,9,296288,106892,7471,616,32031,,10.59,7.93,10.43,10.50,57.01,1.28,1.28,,0,0.0,-1,-10.0,62072,26.5,17977,20.2,1681,29.0,184,42.6,9546,42.5
39117,5,21,74,0,2020,A,,5,12,551970,78060,3610,923,47997,,3.29,0.60,0.41,0.32,0.65,0.71,0.71,,0,0.0,0,0.0,-31722,-5.4,-8721,-10.0,-1199,-24.9,-39,-4.1,-2034,-4.1
39117,5,212,75,0,2020,A,N,2,0,0,0,0,0,0,N,5.96,0,0,0,0,0,0,N,0,0.0,0,0,0,0,0,0,0,0,0,0,0,0
39117,5,2123,76,0,2020,A,N,2,0,0,0,0,0,0,N,7.19,0,0,0,0,0,0,N,0,0.0,0,0,0,0,0,0,0,0,0,0,0,0
39117,5,21232,77,0,2020,A,N,2,0,0,0,0,0,0,N,14.48,0,0,0,0,0,0,N,0,0.0,0,0,0,0,0,0,0,0,0,0,0,0
39117,5,212321,78,0,2020,A,N,2,0,0,0,0,0,0,N,16.96,0,0,0,0,0,0,N,0,0.0,0,0,0,0,0,0,0,0,0,0,0,0
39117,5,213,75,0,2020,A,N,3,0,0,0,0,0,0,N,3.48,0,0,0,0,0,0,N,0,0.0,0,0,0,0,0,0,0,0,0,0,0,0
39117,5,2131,76,0,2020,A,N,3,0,0,0,0,0,0,N,3.48,0,0,0,0,0,0,N,0,0.0,0,0,0,0,0,0,0,0,0,0,0,0
39117,5,21311,77,0,2020,A,N,3,0,0,0,0,0,0,N,3.48,0,0,0,0,0,0,N,0,0.0,0,0,0,0,0,0,0,0,0,0,0,0
39117,5,213111,78,0,2020,A,N,2,0,0,0,0,0,0,N,18.57,0,0,0,0,0,0,N,0,0.0,0,0,0,0,0,0,0,0,0,0,0,0
39117,5,213112,78,0,2020,A,N,1,0,0,0,0,0,0,N,1.41,0,0,0,0,0,0,N,0,0.0,0,0,0,0,0,0,0,0,0,0,0,0
39117,5,22,74,0,2020,A,N,1,0,0,0,0,0,0,N,1.08,0,0,0,0,0,0,N,0,0.0,0,0,0,0,0,0,0,0,0,0,0,0
39117,5,221,75,0,2020,A,N,1,0,0,0,0,0,0,N,1.08,0,0,0,0,0,0,N,0,0.0,0,0,0,0,0,0,0,0,0,0,0,0
39117,5,2211,76,0,2020,A,N,1,0,0,0,0,0,0,N,2.02,0,0,0,0,0,0,N,0,0.0,0,0,0,0,0,0,0,0,0,0,0,0
39117,5,22112,77,0,2020,A,N,1,0,0,0,0,0,0,N,3.30,0,0,0,0,0,0,N,0,0.0,0,0,0,0,0,0,0,0,0,0,0,0
39117,5,221122,78,0,2020,A,N,1,0,0,0,0,0,0,N,3.70,0,0,0,0,0,0,N,0,0.0,0,0,0,0,0,0,0,0,0,0,0,0
39117,5,23,74,0,2020,A,,74,398,16295028,4503200,188503,787,40899,,1.83,1.49,1.48,1.50,1.87,1.00,1.00,,2,2.8,33,9.0,1438587,9.7,-59825,-1.3,-10482,-5.3,4,0.5,206,0.5
39117,5,236,75,0,2020,A,,25,86,3369254,1080229,27324,753,39177,,2.00,1.45,1.27,1.62,1.35,0.87,0.87,,0,0.0,23,36.5,995405,41.9,276861,34.5,1327,5.1,27,3.7,1447,3.8
39117,5,2361,76,0,2020,A,,22,76,2730986,943419,23812,695,36132,,2.27,2.54,2.39,2.87,3.05,0.95,0.95,,1,4.8,23,43.4,752682,38.0,227624,31.8,-1645,-6.5,-21,-2.9,-1077,-2.9
39117,5,23611,77,0,2020,A,,22,76,2730986,943419,23812,695,36132,,2.27,2.54,2.39,2.87,3.05,0.95,0.95,,1,4.8,23,43.4,752682,38.0,227624,31.8,-1645,-6.5,-21,-2.9,-1077,-2.9
39117,5,236115,78,0,2020,A,N,7,0,0,0,0,0,0,N,1.69,0,0,0,0,0,0,N,-1,-12.5,0,0,0,0,0,0,0,0,0,0,0,0
39117,5,236117,78,0,2020,A,N,1,0,0,0,0,0,0,N,4.38,0,0,0,0,0,0,N,0,0.0,0,0,0,0,0,0,0,0,0,0,0,0
39117,5,236118,78,0,2020,A,,14,46,1738918,558020,15454,723,37598,,2.73,3.36,4.04,3.82,4.15,1.19,1.20,,2,16.7,23,100.0,773102,80.0,270659,94.2,6413,70.9,-85,-10.5,-4394,-10.5
39117,5,2362,76,0,2020,A,,3,10,638268,136810,3512,1178,61274,,1.08,0.34,0.42,0.40,0.28,1.18,1.18,,-1,-25.0,0,0.0,242723,61.4,49237,56.2,2972,550.4,398,51.0,20705,51.0
39117,5,23621,77,0,2020,A,N,1,0,0,0,0,0,0,N,3.39,0,0,0,0,0,0,N,-1,-50.0,0,0,0,0,0,0,0,0,0,0,0,0
39117,5,236210,78,0,2020,A,N,1,0,0,0,0,0,0,N,3.39,0,0,0,0,0,0,N,-1,-50.0,0,0,0,0,0,0,0,0,0,0,0,0
39117,5,23622,77,0,2020,A,N,2,0,0,0,0,0,0,N,0.81,0,0,0,0,0,0,N,0,0.0,0,0,0,0,0,0,0,0,0,0,0,0
39117,5,236220,78,0,2020,A,N,2,0,0,0,0,0,0,N,0.81,0,0,0,0,0,0,N,0,0.0,0,0,0,0,0,0,0,0,0,0,0,0
39117,5,237,75,0,2020,A,,3,20,1122916,266794,25078,1089,56618,,1.19,0.52,0.60,0.58,1.26,1.15,1.16,,-1,-25.0,1,5.3,458264,68.9,42140,18.8,4409,21.3,410,60.4,21327,60.4
39117,5,2371,76,0,2020,A,N,0,0,0,0,0,0,0,N,0.00,0,0,0,0,0,0,N,0,0,0,0,0,0,0,0,0,0,0,0,0,0
39117,5,23713,77,0,2020,A,N,0,0,0,0,0,0,0,N,0.00,0,0,0,0,0,0,N,0,0,0,0,0,0,0,0,0,0,0,0,0,0
39117,5,237130,78,0,2020,A,N,0,0,0,0,0,0,0,N,0.00,0,0,0,0,0,0,N,0,0,0,0,0,0,0,0,0,0,0,0,0,0
39117,5,2373,76,0,2020,A,N,3,0,0,0,0,0,0,N,5.40,0,0,0,0,0,0,N,-1,-25.0,0,0,0,0,0,0,0,0,0,0,0,0
39117,5,23731,77,0,2020,A,N,3,0,0,0,0,0,0,N,5.40,0,0,0,0,0,0,N,-1,-25.0,0,0,0,0,0,0,0,0,0,0,0,0
39117,5,237310,78,0,2020,A,N,3,0,0,0,0,0,0,N,5.40,0,0,0,0,0,0,N,-1,-25.0,0,0,0,0,0,0,0,0,0,0,0,0
39117,5,238,75,0,2020,A,,46,293,11802858,3156177,136101,776,40340,,1.81,1.73,1.83,1.68,2.24,1.06,1.06,,3,7.0,10,3.5,-15082,-0.1,-378826,-10.7,-16218,-10.6,-26,-3.2,-1370,-3.3
39117,5,2381,76,0,2020,A,,11,121,4317151,1110765,68610,684,35556,,2.18,3.59,3.63,2.92,5.38,1.01,1.01,,0,0.0,15,14.2,198662,4.8,-144648,-11.5,1853,2.8,-61,-8.2,-3206,-8.3
39117,5,23811,77,0,2020,A,,8,115,4034042,1019684,64241,677,35206,,7.80,13.46,13.02,10.64,19.84,0.97,0.97,,-1,-11.1,13,12.7,104742,2.7,-170866,-14.4,2654,4.3,-67,-9.0,-3506,-9.1
39117,5,238111,78,0,2020,A,N,6,0,0,0,0,0,0,N,8.18,0,0,0,0,0,0,N,0,0.0,0,0,0,0,0,0,0,0,0,0,0,0
39117,5,238112,78,0,2020,A,N,2,0,0,0,0,0,0,N,6.82,0,0,0,0,0,0,N,-1,-33.3,0,0,0,0,0,0,0,0,0,0,0,0
39117,5,23813,77,0,2020,A,N,1,0,0,0,0,0,0,N,1.83,0,0,0,0,0,0,N,1,100.0,0,0,0,0,0,0,0,0,0,0,0,0
39117,5,238131,78,0,2020,A,N,1,0,0,0,0,0,0,N,2.13,0,0,0,0,0,0,N,1,100.0,0,0,0,0,0,0,0,0,0,0,0,0
39117,5,23814,77,0,2020,A,N,1,0,0,0,0,0,0,N,1.06,0,0,0,0,0,0,N,0,0.0,0,0,0,0,0,0,0,0,0,0,0,0
39117,5,238141,78,0,2020,A,N,1,0,0,0,0,0,0,N,1.41,0,0,0,0,0,0,N,0,0.0,0,0,0,0,0,0,0,0,0,0,0,0
39117,5,23819,77,0,2020,A,N,1,0,0,0,0,0,0,N,2.95,0,0,0,0,0,0,N,0,0.0,0,0,0,0,0,0,0,0,0,0,0,0
39117,5,238192,78,0,2020,A,N,1,0,0,0,0,0,0,N,6.55,0,0,0,0,0,0,N,0,0.0,0,0,0,0,0,0,0,0,0,0,0,0
39117,5,2382,76,0,2020,A,,14,96,4166900,1128887,16228,835,43443,,1.39,1.18,1.25,1.27,0.62,1.06,1.06,,1,7.7,-7,-6.8,-94881,-2.2,-109436,-8.8,-4799,-22.8,36,4.5,1898,4.6
39117,5,23821,77,0,2020,A,,7,51,2514403,659687,7141,948,49302,,1.64,1.47,1.75,1.72,0.60,1.19,1.19,,0,0.0,-8,-13.6,-214431,-7.9,-66324,-9.1,-5544,-43.7,57,6.4,2985,6.4
39117,5,238211,78,0,2020,A,,7,51,2514403,659687,7141,948,49302,,2.78,4.54,6.70,5.43,2.67,1.47,1.48,,0,0.0,-8,-13.6,-214431,-7.9,-66324,-9.1,-5544,-43.7,57,6.4,2985,6.4
39117,5,23822,77,0,2020,A,,7,45,1652497,469200,9087,708,36790,,1.32,1.09,1.01,1.05,0.72,0.93,0.93,,1,16.7,1,2.3,119550,7.8,-43112,-8.4,745,8.9,33,4.9,1684,4.8
39117,5,238221,78,0,2020,A,,7,45,1652497,469200,9087,708,36790,,1.78,2.14,2.33,2.15,1.97,1.09,1.09,,1,16.7,1,2.3,119550,7.8,-43112,-8.4,745,8.9,33,4.9,1684,4.8
39117,5,2383,76,0,2020,A,,9,16,532557,186765,3078,654,33993,,1.44,0.54,0.54,0.57,0.30,1.02,1.02,,1,12.5,3,23.1,42355,8.6,14335,8.3,-1881,-37.9,-67,-9.3,-3475,-9.3
39117,5,23831,77,0,2020,A,N,1,0,0,0,0,0,0,N,0.99,0,0,0,0,0,0,N,-1,-50.0,0,0,0,0,0,0,0,0,0,0,0,0
39117,5,238311,78,0,2020,A,N,0,0,0,0,0,0,0,N,0.00,0,0,0,0,0,0,N,-1,-100.0,0,0,0,0,0,0,0,0,0,0,0,0
39117,5,238312,78,0,2020,A,N,1,0,0,0,0,0,0,N,3.37,0,0,0,0,0,0,N,0,0.0,0,0,0,0,0,0,0,0,0,0,0,0
39117,5,23832,77,0,2020,A,,3,9,300517,114765,1134,619,32198,,1.57,1.23,1.39,1.42,0.43,1.09,1.09,N,1,50.0,0,0,0,0,0,0,0,0,0,0,0,0
39117,5,238321,78,0,2020,A,,3,9,300517,114765,1134,619,32198,,1.90,2.03,2.67,2.40,0.95,1.27,1.27,N,1,50.0,0,0,0,0,0,0,0,0,0,0,0,0
39117,5,23835,77,0,2020,A,N,5,0,0,0,0,0,0,N,3.37,0,0,0,0,0,0,N,1,25.0,0,0,0,0,0,0,0,0,0,0,0,0
39117,5,238351,78,0,2020,A,N,5,0,0,0,0,0,0,N,3.87,0,0,0,0,0,0,N,1,25.0,0,0,0,0,0,0,0,0,0,0,0,0
39117,5,2389,76,0,2020,A,,12,60,2786250,729760,48185,899,46762,,3.00,2.38,3.00,2.58,4.24,1.27,1.27,,0,0.0,-1,-1.6,-161218,-5.5,-139077,-16.0,-11391,-19.1,-24,-2.6,-1229,-2.6
39117,5,23891,77,0,2020,A,,9,47,2237628,535390,32870,916,47609,,4.96,3.62,4.60,3.58,5.71,1.27,1.27,N,0,0.0,0,0,0,0,0,0,0,0,0,0,0,0
39117,5,238911,78,0,2020,A,,4,8,295678,125576,9938,742,38567,,3.90,1.71,1.91,2.28,5.39,1.17,1.17,N,0,0.0,0,0,0,0,0,0,0,0,0,0,0,0
39117,5,238912,78,0,2020,A,,5,39,1941950,409814,22932,949,49372,,6.35,4.70,5.85,4.34,5.86,1.23,1.23,,0,0.0,-1,-2.5,-73015,-3.6,-25760,-5.9,-2746,-10.7,-10,-1.0,-483,-1.0
39117,5,23899,77,0,2020,A,,3,13,548622,194370,15315,838,43599,,1.37,1.06,1.24,1.45,2.73,1.21,1.21,N,0,0.0,0,0,0,0,0,0,0,0,0,0,0,0
39117,5,238991,78,0,2020,A,N,2,0,0,0,0,0,0,N,1.39,0,0,0,0,0,0,N,0,0.0,0,0,0,0,0,0,0,0,0,0,0,0
39117,5,238992,78,0,2020,A,N,1,0,0,0,0,0,0,N,1.34,0,0,0,0,0,0,N,0,0.0,0,0,0,0,0,0,0,0,0,0,0,0
39117,5,31-33,74,0,2020,A,,19,793,42940538,8981519,175245,1041,54127,,1.11,1.77,2.14,2.02,1.96,1.21,1.21,,0,0.0,-103,-11.5,-4950500,-10.3,-1065714,-10.6,-11892,-6.4,14,1.4,697,1.3
39117,5,311,75,0,2020,A,N,2,0,0,0,0,0,0,N,1.19,0,0,0,0,0,0,N,0,0.0,0,0,0,0,0,0,0,0,0,0,0,0
39117,5,3116,76,0,2020,A,N,1,0,0,0,0,0,0,N,5.10,0,0,0,0,0,0,N,0,0.0,0,0,0,0,0,0,0,0,0,0,0,0
39117,5,31161,77,0,2020,A,N,1,0,0,0,0,0,0,N,5.10,0,0,0,0,0,0,N,0,0.0,0,0,0,0,0,0,0,0,0,0,0,0
39117,5,311611,78,0,2020,A,N,1,0,0,0,0,0,0,N,14.33,0,0,0,0,0,0,N,0,0.0,0,0,0,0,0,0,0,0,0,0,0,0
39117,5,3118,76,0,2020,A,N,1,0,0,0,0,0,0,N,1.54,0,0,0,0,0,0,N,0,0.0,0,0,0,0,0,0,0,0,0,0,0,0
39117,5,31181,77,0,2020,A,N,1,0,0,0,0,0,0,N,1.74,0,0,0,0,0,0,N,0,0.0,0,0,0,0,0,0,0,0,0,0,0,0
39117,5,311812,78,0,2020,A,N,1,0,0,0,0,0,0,N,5.38,0,0,0,0,0,0,N,0,0.0,0,0,0,0,0,0,0,0,0,0,0,0
39117,5,312,75,0,2020,A,N,1,0,0,0,0,0,0,N,1.51,0,0,0,0,0,0,N,0,0.0,0,0,0,0,0,0,0,0,0,0,0,0
39117,5,3121,76,0,2020,A,N,1,0,0,0,0,0,0,N,1.56,0,0,0,0,0,0,N,0,0.0,0,0,0,0,0,0,0,0,0,0,0,0
39117,5,31212,77,0,2020,A,N,1,0,0,0,0,0,0,N,4.12,0,0,0,0,0,0,N,0,0.0,0,0,0,0,0,0,0,0,0,0,0,0
39117,5,312120,78,0,2020,A,N,1,0,0,0,0,0,0,N,4.12,0,0,0,0,0,0,N,0,0.0,0,0,0,0,0,0,0,0,0,0,0,0
39117,5,314,75,0,2020,A,N,1,0,0,0,0,0,0,N,3.28,0,0,0,0,0,0,N,0,0.0,0,0,0,0,0,0,0,0,0,0,0,0
39117,5,3149,76,0,2020,A,N,1,0,0,0,0,0,0,N,4.46,0,0,0,0,0,0,N,0,0.0,0,0,0,0,0,0,0,0,0,0,0,0
39117,5,31499,77,0,2020,A,N,1,0,0,0,0,0,0,N,7.00,0,0,0,0,0,0,N,0,0.0,0,0,0,0,0,0,0,0,0,0,0,0
39117,5,314999,78,0,2020,A,N,1,0,0,0,0,0,0,N,7.44,0,0,0,0,0,0,N,0,0.0,0,0,0,0,0,0,0,0,0,0,0,0
39117,5,326,75,0,2020,A,N,1,0,0,0,0,0,0,N,1.57,0,0,0,0,0,0,N,0,0.0,0,0,0,0,0,0,0,0,0,0,0,0
39117,5,3262,76,0,2020,A,N,1,0,0,0,0,0,0,N,10.05,0,0,0,0,0,0,N,0,0.0,0,0,0,0,0,0,0,0,0,0,0,0
39117,5,32629,77,0,2020,A,N,1,0,0,0,0,0,0,N,18.35,0,0,0,0,0,0,N,0,0.0,0,0,0,0,0,0,0,0,0,0,0,0
39117,5,326299,78,0,2020,A,N,1,0,0,0,0,0,0,N,31.49,0,0,0,0,0,0,N,0,0.0,0,0,0,0,0,0,0,0,0,0,0,0
39117,5,327,75,0,2020,A,,3,66,3605011,833479,67431,1052,54690,,3.76,4.48,6.38,5.62,17.07,1.43,1.43,,0,0.0,8,13.8,453671,14.4,5343,0.6,286,0.4,0,0.0,-37,-0.1
39117,5,3271,76,0,2020,A,N,1,0,0,0,0,0,0,N,14.99,0,0,0,0,0,0,N,0,0.0,0,0,0,0,0,0,0,0,0,0,0,0
39117,5,32712,77,0,2020,A,N,1,0,0,0,0,0,0,N,32.02,0,0,0,0,0,0,N,0,0.0,0,0,0,0,0,0,0,0,0,0,0,0
39117,5,327120,78,0,2020,A,N,1,0,0,0,0,0,0,N,32.02,0,0,0,0,0,0,N,0,0.0,0,0,0,0,0,0,0,0,0,0,0,0
39117,5,3273,76,0,2020,A,N,2,0,0,0,0,0,0,N,4.63,0,0,0,0,0,0,N,0,0.0,0,0,0,0,0,0,0,0,0,0,0,0
39117,5,32732,77,0,2020,A,N,2,0,0,0,0,0,0,N,7.71,0,0,0,0,0,0,N,0,0.0,0,0,0,0,0,0,0,0,0,0,0,0
39117,5,327320,78,0,2020,A,N,2,0,0,0,0,0,0,N,7.71,0,0,0,0,0,0,N,0,0.0,0,0,0,0,0,0,0,0,0,0,0,0
39117,5,331,75,0,2020,A,N,1,0,0,0,0,0,0,N,3.79,0,0,0,0,0,0,N,0,0.0,0,0,0,0,0,0,0,0,0,0,0,0
39117,5,3314,76,0,2020,A,N,1,0,0,0,0,0,0,N,20.85,0,0,0,0,0,0,N,0,0.0,0,0,0,0,0,0,0,0,0,0,0,0
39117,5,33149,77,0,2020,A,N,1,0,0,0,0,0,0,N,38.07,0,0,0,0,0,0,N,0,0.0,0,0,0,0,0,0,0,0,0,0,0,0
39117,5,331491,78,0,2020,A,N,1,0,0,0,0,0,0,N,72.33,0,0,0,0,0,0,N,0,0.0,0,0,0,0,0,0,0,0,0,0,0,0
39117,5,332,75,0,2020,A,,5,29,1275034,278028,9240,834,43344,,1.79,0.57,0.68,0.57,0.89,1.17,1.17,,0,0.0,0,0.0,-28668,-2.2,1303,0.5,-3905,-29.7,-18,-2.1,-974,-2.2
39117,5,3323,76,0,2020,A,N,2,0,0,0,0,0,0,N,2.73,0,0,0,0,0,0,N,0,0.0,0,0,0,0,0,0,0,0,0,0,0,0
39117,5,33231,77,0,2020,A,N,2,0,0,0,0,0,0,N,6.46,0,0,0,0,0,0,N,0,0.0,0,0,0,0,0,0,0,0,0,0,0,0
39117,5,332312,78,0,2020,A,N,1,0,0,0,0,0,0,N,6.07,0,0,0,0,0,0,N,0,0.0,0,0,0,0,0,0,0,0,0,0,0,0
39117,5,332313,78,0,2020,A,N,1,0,0,0,0,0,0,N,10.90,0,0,0,0,0,0,N,0,0.0,0,0,0,0,0,0,0,0,0,0,0,0
39117,5,3324,76,0,2020,A,N,1,0,0,0,0,0,0,N,10.57,0,0,0,0,0,0,N,0,0.0,0,0,0,0,0,0,0,0,0,0,0,0
39117,5,33243,77,0,2020,A,N,1,0,0,0,0,0,0,N,32.72,0,0,0,0,0,0,N,0,0.0,0,0,0,0,0,0,0,0,0,0,0,0
39117,5,332439,78,0,2020,A,N,1,0,0,0,0,0,0,N,48.11,0,0,0,0,0,0,N,0,0.0,0,0,0,0,0,0,0,0,0,0,0,0
39117,5,3327,76,0,2020,A,N,1,0,0,0,0,0,0,N,0.97,0,0,0,0,0,0,N,0,0.0,0,0,0,0,0,0,0,0,0,0,0,0
39117,5,33271,77,0,2020,A,N,1,0,0,0,0,0,0,N,1.07,0,0,0,0,0,0,N,0,0.0,0,0,0,0,0,0,0,0,0,0,0,0
39117,5,332710,78,0,2020,A,N,1,0,0,0,0,0,0,N,1.07,0,0,0,0,0,0,N,0,0.0,0,0,0,0,0,0,0,0,0,0,0,0
39117,5,3329,76,0,2020,A,N,1,0,0,0,0,0,0,N,2.73,0,0,0,0,0,0,N,0,0.0,0,0,0,0,0,0,0,0,0,0,0,0
39117,5,33299,77,0,2020,A,N,1,0,0,0,0,0,0,N,3.56,0,0,0,0,0,0,N,0,0.0,0,0,0,0,0,0,0,0,0,0,0,0
39117,5,332994,78,0,2020,A,N,1,0,0,0,0,0,0,N,33.19,0,0,0,0,0,0,N,0,0.0,0,0,0,0,0,0,0,0,0,0,0,0
39117,5,333,75,0,2020,A,N,2,0,0,0,0,0,0,N,1.34,0,0,0,0,0,0,N,1,100.0,0,0,0,0,0,0,0,0,0,0,0,0
39117,5,3335,76,0,2020,A,N,1,0,0,0,0,0,0,N,2.61,0,0,0,0,0,0,N,1,100.0,0,0,0,0,0,0,0,0,0,0,0,0
39117,5,33351,77,0,2020,A,N,1,0,0,0,0,0,0,N,2.61,0,0,0,0,0,0,N,1,100.0,0,0,0,0,0,0,0,0,0,0,0,0
39117,5,333517,78,0,2020,A,N,1,0,0,0,0,0,0,N,10.25,0,0,0,0,0,0,N,1,100.0,0,0,0,0,0,0,0,0,0,0,0,0
39117,5,3339,76,0,2020,A,N,1,0,0,0,0,0,0,N,2.80,0,0,0,0,0,0,N,0,0.0,0,0,0,0,0,0,0,0,0,0,0,0
39117,5,33392,77,0,2020,A,N,1,0,0,0,0,0,0,N,10.98,0,0,0,0,0,0,N,0,0.0,0,0,0,0,0,0,0,0,0,0,0,0
39117,5,333922,78,0,2020,A,N,1,0,0,0,0,0,0,N,23.59,0,0,0,0,0,0,N,0,0.0,0,0,0,0,0,0,0,0,0,0,0,0
39117,5,336,75,0,2020,A,N,3,0,0,0,0,0,0,N,4.05,0,0,0,0,0,0,N,0,0.0,0,0,0,0,0,0,0,0,0,0,0,0
39117,5,3362,76,0,2020,A,N,2,0,0,0,0,0,0,N,18.53,0,0,0,0,0,0,N,0,0.0,0,0,0,0,0,0,0,0,0,0,0,0
39117,5,33621,77,0,2020,A,N,2,0,0,0,0,0,0,N,18.53,0,0,0,0,0,0,N,0,0.0,0,0,0,0,0,0,0,0,0,0,0,0
39117,5,336214,78,0,2020,A,N,2,0,0,0,0,0,0,N,55.34,0,0,0,0,0,0,N,0,0.0,0,0,0,0,0,0,0,0,0,0,0,0
39117,5,3363,76,0,2020,A,N,1,0,0,0,0,0,0,N,3.64,0,0,0,0,0,0,N,0,0.0,0,0,0,0,0,0,0,0,0,0,0,0
39117,5,33639,77,0,2020,A,N,1,0,0,0,0,0,0,N,11.95,0,0,0,0,0,0,N,0,0.0,0,0,0,0,0,0,0,0,0,0,0,0
39117,5,336390,78,0,2020,A,N,1,0,0,0,0,0,0,N,11.95,0,0,0,0,0,0,N,0,0.0,0,0,0,0,0,0,0,0,0,0,0,0
39117,5,42,74,0,2020,A,,18,93,4552506,1048583,18460,939,48820,,0.61,0.45,0.43,0.50,0.48,0.95,0.95,,2,12.5,14,17.7,893913,24.4,142437,15.7,-3819,-17.1,45,5.0,2312,5.0
39117,5,423,75,0,2020,A,N,9,0,0,0,0,0,0,N,0.62,0,0,0,0,0,0,N,0,0.0,0,0,0,0,0,0,0,0,0,0,0,0
39117,5,4231,76,0,2020,A,N,2,0,0,0,0,0,0,N,1.65,0,0,0,0,0,0,N,0,0.0,0,0,0,0,0,0,0,0,0,0,0,0
39117,5,42312,77,0,2020,A,N,2,0,0,0,0,0,0,N,2.96,0,0,0,0,0,0,N,0,0.0,0,0,0,0,0,0,0,0,0,0,0,0
39117,5,423120,78,0,2020,A,N,2,0,0,0,0,0,0,N,2.96,0,0,0,0,0,0,N,0,0.0,0,0,0,0,0,0,0,0,0,0,0,0
39117,5,4233,76,0,2020,A,N,1,0,0,0,0,0,0,N,0.91,0,0,0,0,0,0,N,0,0.0,0,0,0,0,0,0,0,0,0,0,0,0
39117,5,42331,77,0,2020,A,N,1,0,0,0,0,0,0,N,2.33,0,0,0,0,0,0,N,0,0.0,0,0,0,0,0,0,0,0,0,0,0,0
39117,5,423310,78,0,2020,A,N,1,0,0,0,0,0,0,N,2.33,0,0,0,0,0,0,N,0,0.0,0,0,0,0,0,0,0,0,0,0,0,0
39117,5,4234,76,0,2020,A,N,1,0,0,0,0,0,0,N,0.33,0,0,0,0,0,0,N,0,0.0,0,0,0,0,0,0,0,0,0,0,0,0
39117,5,42345,77,0,2020,A,N,1,0,0,0,0,0,0,N,0.73,0,0,0,0,0,0,N,0,0.0,0,0,0,0,0,0,0,0,0,0,0,0
39117,5,423450,78,0,2020,A,N,1,0,0,0,0,0,0,N,0.73,0,0,0,0,0,0,N,0,0.0,0,0,0,0,0,0,0,0,0,0,0,0
39117,5,4235,76,0,2020,A,N,1,0,0,0,0,0,0,N,1.87,0,0,0,0,0,0,N,0,0.0,0,0,0,0,0,0,0,0,0,0,0,0
39117,5,42351,77,0,2020,A,N,1,0,0,0,0,0,0,N,1.96,0,0,0,0,0,0,N,0,0.0,0,0,0,0,0,0,0,0,0,0,0,0
39117,5,423510,78,0,2020,A,N,1,0,0,0,0,0,0,N,1.96,0,0,0,0,0,0,N,0,0.0,0,0,0,0,0,0,0,0,0,0,0,0
39117,5,4238,76,0,2020,A,N,1,0,0,0,0,0,0,N,0.29,0,0,0,0,0,0,N,0,0.0,0,0,0,0,0,0,0,0,0,0,0,0
39117,5,42382,77,0,2020,A,N,1,0,0,0,0,0,0,N,2.36,0,0,0,0,0,0,N,0,0.0,0,0,0,0,0,0,0,0,0,0,0,0
39117,5,423820,78,0,2020,A,N,1,0,0,0,0,0,0,N,2.36,0,0,0,0,0,0,N,0,0.0,0,0,0,0,0,0,0,0,0,0,0,0
39117,5,4239,76,0,2020,A,N,3,0,0,0,0,0,0,N,1.66,0,0,0,0,0,0,N,0,0.0,0,0,0,0,0,0,0,0,0,0,0,0
39117,5,42391,77,0,2020,A,N,1,0,0,0,0,0,0,N,2.91,0,0,0,0,0,0,N,0,0.0,0,0,0,0,0,0,0,0,0,0,0,0
39117,5,423910,78,0,2020,A,N,1,0,0,0,0,0,0,N,2.91,0,0,0,0,0,0,N,0,0.0,0,0,0,0,0,0,0,0,0,0,0,0
39117,5,42393,77,0,2020,A,N,1,0,0,0,0,0,0,N,2.69,0,0,0,0,0,0,N,0,0.0,0,0,0,0,0,0,0,0,0,0,0,0
39117,5,423930,78,0,2020,A,N,1,0,0,0,0,0,0,N,2.69,0,0,0,0,0,0,N,0,0.0,0,0,0,0,0,0,0,0,0,0,0,0
39117,5,42399,77,0,2020,A,N,1,0,0,0,0,0,0,N,1.55,0,0,0,0,0,0,N,0,0.0,0,0,0,0,0,0,0,0,0,0,0,0
39117,5,423990,78,0,2020,A,N,1,0,0,0,0,0,0,N,1.55,0,0,0,0,0,0,N,0,0.0,0,0,0,0,0,0,0,0,0,0,0,0
39117,5,424,75,0,2020,A,,7,76,3730108,821898,13510,950,49405,,0.86,1.00,1.03,1.06,0.96,1.04,1.04,,3,75.0,19,33.3,1048428,39.1,157643,23.7,-5057,-27.2,48,5.3,2495,5.3
39117,5,4241,76,0,2020,A,N,1,0,0,0,0,0,0,N,2.02,0,0,0,0,0,0,N,1,100.0,0,0,0,0,0,0,0,0,0,0,0,0
39117,5,42412,77,0,2020,A,N,1,0,0,0,0,0,0,N,5.70,0,0,0,0,0,0,N,1,100.0,0,0,0,0,0,0,0,0,0,0,0,0
39117,5,424120,78,0,2020,A,N,1,0,0,0,0,0,0,N,5.70,0,0,0,0,0,0,N,1,100.0,0,0,0,0,0,0,0,0,0,0,0,0
39117,5,4242,76,0,2020,A,N,1,0,0,0,0,0,0,N,1.00,0,0,0,0,0,0,N,1,100.0,0,0,0,0,0,0,0,0,0,0,0,0
39117,5,42421,77,0,2020,A,N,1,0,0,0,0,0,0,N,1.00,0,0,0,0,0,0,N,1,100.0,0,0,0,0,0,0,0,0,0,0,0,0
39117,5,424210,78,0,2020,A,N,1,0,0,0,0,0,0,N,1.00,0,0,0,0,0,0,N,1,100.0,0,0,0,0,0,0,0,0,0,0,0,0
39117,5,4245,76,0,2020,A,N,1,0,0,0,0,0,0,N,3.17,0,0,0,0,0,0,N,0,0.0,0,0,0,0,0,0,0,0,0,0,0,0
39117,5,42451,77,0,2020,A,N,1,0,0,0,0,0,0,N,5.28,0,0,0,0,0,0,N,0,0.0,0,0,0,0,0,0,0,0,0,0,0,0
39117,5,424510,78,0,2020,A,N,1,0,0,0,0,0,0,N,5.28,0,0,0,0,0,0,N,0,0.0,0,0,0,0,0,0,0,0,0,0,0,0
39117,5,4247,76,0,2020,A,N,2,0,0,0,0,0,0,N,5.04,0,0,0,0,0,0,N,0,0.0,0,0,0,0,0,0,0,0,0,0,0,0
39117,5,42471,77,0,2020,A,N,1,0,0,0,0,0,0,N,7.63,0,0,0,0,0,0,N,0,0.0,0,0,0,0,0,0,0,0,0,0,0,0
39117,5,424710,78,0,2020,A,N,1,0,0,0,0,0,0,N,7.63,0,0,0,0,0,0,N,0,0.0,0,0,0,0,0,0,0,0,0,0,0,0
39117,5,42472,77,0,2020,A,N,1,0,0,0,0,0,0,N,3.76,0,0,0,0,0,0,N,0,0.0,0,0,0,0,0,0,0,0,0,0,0,0
39117,5,424720,78,0,2020,A,N,1,0,0,0,0,0,0,N,3.76,0,0,0,0,0,0,N,0,0.0,0,0,0,0,0,0,0,0,0,0,0,0
39117,5,4249,76,0,2020,A,N,2,0,0,0,0,0,0,N,1.15,0,0,0,0,0,0,N,1,100.0,0,0,0,0,0,0,0,0,0,0,0,0
39117,5,42491,77,0,2020,A,N,1,0,0,0,0,0,0,N,1.68,0,0,0,0,0,0,N,1,100.0,0,0,0,0,0,0,0,0,0,0,0,0
39117,5,424910,78,0,2020,A,N,1,0,0,0,0,0,0,N,1.68,0,0,0,0,0,0,N,1,100.0,0,0,0,0,0,0,0,0,0,0,0,0
39117,5,42499,77,0,2020,A,N,1,0,0,0,0,0,0,N,1.54,0,0,0,0,0,0,N,0,0.0,0,0,0,0,0,0,0,0,0,0,0,0
39117,5,424990,78,0,2020,A,N,1,0,0,0,0,0,0,N,1.54,0,0,0,0,0,0,N,0,0.0,0,0,0,0,0,0,0,0,0,0,0,0
39117,5,425,75,0,2020,A,N,2,0,0,0,0,0,0,N,0.30,0,0,0,0,0,0,N,-1,-33.3,0,0,0,0,0,0,0,0,0,0,0,0
39117,5,4251,76,0,2020,A,N,2,0,0,0,0,0,0,N,0.30,0,0,0,0,0,0,N,-1,-33.3,0,0,0,0,0,0,0,0,0,0,0,0
39117,5,42512,77,0,2020,A,N,2,0,0,0,0,0,0,N,0.31,0,0,0,0,0,0,N,-1,-33.3,0,0,0,0,0,0,0,0,0,0,0,0
39117,5,425120,78,0,2020,A,N,2,0,0,0,0,0,0,N,0.31,0,0,0,0,0,0,N,-1,-33.3,0,0,0,0,0,0,0,0,0,0,0,0
39117,5,44-45,74,0,2020,A,,51,628,18106924,5908585,83674,554,28833,,1.03,1.15,1.48,1.28,1.28,1.28,1.29,,2,4.1,-16,-2.5,335598,1.9,-246311,-4.0,4146,5.2,23,4.3,1231,4.5
39117,5,441,75,0,2020,A,,7,135,5090738,1450502,27974,723,37616,,1.24,1.93,2.11,2.14,2.51,1.09,1.09,,1,16.7,-8,-5.6,-651508,-11.3,-63710,-4.2,1320,5.0,-51,-6.6,-2610,-6.5
39117,5,4411,76,0,2020,A,N,2,0,0,0,0,0,0,N,0.91,0,0,0,0,0,0,N,1,100.0,0,0,0,0,0,0,0,0,0,0,0,0
39117,5,44111,77,0,2020,A,N,2,0,0,0,0,0,0,N,2.06,0,0,0,0,0,0,N,1,100.0,0,0,0,0,0,0,0,0,0,0,0,0
39117,5,441110,78,0,2020,A,N,2,0,0,0,0,0,0,N,2.06,0,0,0,0,0,0,N,1,100.0,0,0,0,0,0,0,0,0,0,0,0,0
39117,5,4412,76,0,2020,A,N,1,0,0,0,0,0,0,N,1.49,0,0,0,0,0,0,N,0,0.0,0,0,0,0,0,0,0,0,0,0,0,0
39117,5,44121,77,0,2020,A,N,1,0,0,0,0,0,0,N,7.71,0,0,0,0,0,0,N,0,0.0,0,0,0,0,0,0,0,0,0,0,0,0
39117,5,441210,78,0,2020,A,N,1,0,0,0,0,0,0,N,7.71,0,0,0,0,0,0,N,0,0.0,0,0,0,0,0,0,0,0,0,0,0,0
39117,5,4413,76,0,2020,A,,4,123,4586097,1308015,24857,717,37260,,1.46,6.16,10.06,7.53,11.59,1.63,1.63,,0,0.0,-3,-2.4,-22624,-0.5,-38297,-2.8,2255,10.0,11,1.6,537,1.5
39117,5,44131,77,0,2020,A,N,3,0,0,0,0,0,0,N,1.69,0,0,0,0,0,0,N,0,0.0,0,0,0,0,0,0,0,0,0,0,0,0
39117,5,441310,78,0,2020,A,N,3,0,0,0,0,0,0,N,1.69,0,0,0,0,0,0,N,0,0.0,0,0,0,0,0,0,0,0,0,0,0,0
39117,5,44132,77,0,2020,A,N,1,0,0,0,0,0,0,N,1.03,0,0,0,0,0,0,N,0,0.0,0,0,0,0,0,0,0,0,0,0,0,0
39117,5,441320,78,0,2020,A,N,1,0,0,0,0,0,0,N,1.03,0,0,0,0,0,0,N,0,0.0,0,0,0,0,0,0,0,0,0,0,0,0
39117,5,444,75,0,2020,A,,5,29,1050832,318549,6051,687,35722,,1.53,0.58,0.91,0.73,0.93,1.56,1.56,,0,0.0,-1,-3.3,78962,8.1,40996,14.8,1747,40.6,55,8.7,2870,8.7
39117,5,4441,76,0,2020,A,N,3,0,0,0,0,0,0,N,1.20,0,0,0,0,0,0,N,0,0.0,0,0,0,0,0,0,0,0,0,0,0,0
39117,5,44413,77,0,2020,A,N,3,0,0,0,0,0,0,N,4.31,0,0,0,0,0,0,N,0,0.0,0,0,0,0,0,0,0,0,0,0,0,0
39117,5,444130,78,0,2020,A,N,3,0,0,0,0,0,0,N,4.31,0,0,0,0,0,0,N,0,0.0,0,0,0,0,0,0,0,0,0,0,0,0
39117,5,4442,76,0,2020,A,N,2,0,0,0,0,0,0,N,2.60,0,0,0,0,0,0,N,0,0.0,0,0,0,0,0,0,0,0,0,0,0,0
39117,5,44422,77,0,2020,A,N,2,0,0,0,0,0,0,N,3.45,0,0,0,0,0,0,N,0,0.0,0,0,0,0,0,0,0,0,0,0,0,0
39117,5,444220,78,0,2020,A,N,2,0,0,0,0,0,0,N,3.45,0,0,0,0,0,0,N,0,0.0,0,0,0,0,0,0,0,0,0,0,0,0
39117,5,445,75,0,2020,A,,7,119,3758252,1130723,9779,605,31472,,1.00,1.04,1.89,1.27,0.99,1.81,1.81,,0,0.0,-6,-4.8,279114,8.0,-14787,-1.3,2480,34.0,69,12.9,3620,13.0
39117,5,4451,76,0,2020,A,N,6,0,0,0,0,0,0,N,1.41,0,0,0,0,0,0,N,1,20.0,0,0,0,0,0,0,0,0,0,0,0,0
39117,5,44511,77,0,2020,A,N,3,0,0,0,0,0,0,N,1.10,0,0,0,0,0,0,N,0,0.0,0,0,0,0,0,0,0,0,0,0,0,0
39117,5,445110,78,0,2020,A,N,3,0,0,0,0,0,0,N,1.10,0,0,0,0,0,0,N,0,0.0,0,0,0,0,0,0,0,0,0,0,0,0
39117,5,44512,77,0,2020,A,N,3,0,0,0,0,0,0,N,1.95,0,0,0,0,0,0,N,1,50.0,0,0,0,0,0,0,0,0,0,0,0,0
39117,5,445120,78,0,2020,A,N,3,0,0,0,0,0,0,N,1.95,0,0,0,0,0,0,N,1,50.0,0,0,0,0,0,0,0,0,0,0,0,0
39117,5,4453,76,0,2020,A,N,2,0,0,0,0,0,0,N,1.33,0,0,0,0,0,0,N,0,0.0,0,0,0,0,0,0,0,0,0,0,0,0
39117,5,44531,77,0,2020,A,N,2,0,0,0,0,0,0,N,1.33,0,0,0,0,0,0,N,0,0.0,0,0,0,0,0,0,0,0,0,0,0,0
39117,5,445310,78,0,2020,A,N,2,0,0,0,0,0,0,N,1.33,0,0,0,0,0,0,N,0,0.0,0,0,0,0,0,0,0,0,0,0,0,0
39117,5,446,75,0,2020,A,N,3,0,0,0,0,0,0,N,0.56,0,0,0,0,0,0,N,-1,-25.0,0,0,0,0,0,0,0,0,0,0,0,0
39117,5,4461,76,0,2020,A,N,3,0,0,0,0,0,0,N,0.56,0,0,0,0,0,0,N,-1,-25.0,0,0,0,0,0,0,0,0,0,0,0,0
39117,5,44611,77,0,2020,A,N,3,0,0,0,0,0,0,N,0.98,0,0,0,0,0,0,N,-1,-25.0,0,0,0,0,0,0,0,0,0,0,0,0
39117,5,446110,78,0,2020,A,N,3,0,0,0,0,0,0,N,0.98,0,0,0,0,0,0,N,-1,-25.0,0,0,0,0,0,0,0,0,0,0,0,0
39117,5,447,75,0,2020,A,,14,173,3421030,1439212,17443,381,19832,,2.75,5.07,6.52,5.30,5.27,1.29,1.29,,1,7.7,-24,-12.2,-396597,-10.4,-367686,-20.3,-4992,-22.3,8,2.1,461,2.4
39117,5,4471,76,0,2020,A,,14,173,3421030,1439212,17443,381,19832,,2.75,5.07,6.52,5.30,5.27,1.29,1.29,,1,7.7,-24,-12.2,-396597,-10.4,-367686,-20.3,-4992,-22.3,8,2.1,461,2.4
39117,5,44711,77,0,2020,A,N,12,0,0,0,0,0,0,N,2.59,0,0,0,0,0,0,N,0,0.0,0,0,0,0,0,0,0,0,0,0,0,0
39117,5,447110,78,0,2020,A,N,12,0,0,0,0,0,0,N,2.59,0,0,0,0,0,0,N,0,0.0,0,0,0,0,0,0,0,0,0,0,0,0
39117,5,44719,77,0,2020,A,N,2,0,0,0,0,0,0,N,4.29,0,0,0,0,0,0,N,1,100.0,0,0,0,0,0,0,0,0,0,0,0,0
39117,5,447190,78,0,2020,A,N,2,0,0,0,0,0,0,N,4.29,0,0,0,0,0,0,N,1,100.0,0,0,0,0,0,0,0,0,0,0,0,0
39117,5,448,75,0,2020,A,N,1,0,0,0,0,0,0,N,0.18,0,0,0,0,0,0,N,0,0.0,0,0,0,0,0,0,0,0,0,0,0,0
39117,5,4483,76,0,2020,A,N,1,0,0,0,0,0,0,N,1.02,0,0,0,0,0,0,N,0,0.0,0,0,0,0,0,0,0,0,0,0,0,0
39117,5,44831,77,0,2020,A,N,1,0,0,0,0,0,0,N,1.08,0,0,0,0,0,0,N,0,0.0,0,0,0,0,0,0,0,0,0,0,0,0
39117,5,448310,78,0,2020,A,N,1,0,0,0,0,0,0,N,1.08,0,0,0,0,0,0,N,0,0.0,0,0,0,0,0,0,0,0,0,0,0,0
39117,5,452,75,0,2020,A,,10,66,1388474,679372,8577,406,21117,,3.23,0.61,0.76,0.79,0.74,1.26,1.26,,2,25.0,14,26.9,397261,40.1,132355,24.2,1716,25.0,39,10.6,2025,10.6
39117,5,4523,76,0,2020,A,,10,66,1388474,679372,8577,406,21117,,3.93,0.86,1.05,1.11,1.10,1.21,1.22,,2,25.0,14,26.9,397261,40.1,132355,24.2,1716,25.0,39,10.6,2025,10.6
39117,5,45231,77,0,2020,A,,10,66,1388474,679372,8577,406,21117,,3.93,0.86,1.05,1.11,1.10,1.21,1.22,,2,25.0,14,26.9,397261,40.1,132355,24.2,1716,25.0,39,10.6,2025,10.6
39117,5,452319,78,0,2020,A,,10,66,1388474,679372,8577,406,21117,,4.45,3.53,5.62,5.23,4.52,1.60,1.60,,2,25.0,14,26.9,397261,40.1,132355,24.2,1716,25.0,39,10.6,2025,10.6
39117,5,453,75,0,2020,A,,3,18,342691,73535,609,363,18864,,0.56,0.66,0.67,0.35,0.17,1.00,1.00,,-1,-25.0,-3,-14.3,28047,8.9,-7929,-9.7,-358,-37.0,69,23.5,3578,23.4
39117,5,4533,76,0,2020,A,N,1,0,0,0,0,0,0,N,1.22,0,0,0,0,0,0,N,-1,-50.0,0,0,0,0,0,0,0,0,0,0,0,0
39117,5,45331,77,0,2020,A,N,1,0,0,0,0,0,0,N,1.22,0,0,0,0,0,0,N,-1,-50.0,0,0,0,0,0,0,0,0,0,0,0,0
39117,5,453310,78,0,2020,A,N,1,0,0,0,0,0,0,N,1.22,0,0,0,0,0,0,N,-1,-50.0,0,0,0,0,0,0,0,0,0,0,0,0
39117,5,4539,76,0,2020,A,N,2,0,0,0,0,0,0,N,0.73,0,0,0,0,0,0,N,0,0.0,0,0,0,0,0,0,0,0,0,0,0,0
39117,5,45399,77,0,2020,A,N,2,0,0,0,0,0,0,N,1.04,0,0,0,0,0,0,N,0,0.0,0,0,0,0,0,0,0,0,0,0,0,0
39117,5,453998,78,0,2020,A,N,2,0,0,0,0,0,0,N,1.47,0,0,0,0,0,0,N,0,0.0,0,0,0,0,0,0,0,0,0,0,0,0
39117,5,454,75,0,2020,A,N,1,0,0,0,0,0,0,N,0.36,0,0,0,0,0,0,N,0,0.0,0,0,0,0,0,0,0,0,0,0,0,0
39117,5,4543,76,0,2020,A,N,1,0,0,0,0,0,0,N,1.04,0,0,0,0,0,0,N,0,0.0,0,0,0,0,0,0,0,0,0,0,0,0
39117,5,45439,77,0,2020,A,N,1,0,0,0,0,0,0,N,1.70,0,0,0,0,0,0,N,0,0.0,0,0,0,0,0,0,0,0,0,0,0,0
39117,5,454390,78,0,2020,A,N,1,0,0,0,0,0,0,N,1.70,0,0,0,0,0,0,N,0,0.0,0,0,0,0,0,0,0,0,0,0,0,0
39117,5,48-49,74,0,2020,A,N,13,0,0,0,0,0,0,N,1.00,0,0,0,0,0,0,N,-2,-13.3,0,0,0,0,0,0,0,0,0,0,0,0
39117,5,484,75,0,2020,A,,11,29,1571147,350053,5727,1054,54807,,1.57,0.53,0.84,0.61,0.56,1.61,1.61,,-3,-21.4,-3,-9.4,52721,3.5,-88492,-20.2,-4598,-44.5,127,13.7,6603,13.7
39117,5,4841,76,0,2020,A,,5,9,466664,101323,1982,1046,54369,,1.09,0.24,0.36,0.26,0.31,1.59,1.59,,-1,-16.7,0,0.0,48064,11.5,-56143,-35.7,-2646,-57.2,183,21.2,9519,21.2
39117,5,48411,77,0,2020,A,,3,3,167921,59321,1602,1211,62970,,1.63,0.30,0.53,0.56,0.68,1.96,1.96,N,1,50.0,0,0,0,0,0,0,0,0,0,0,0,0
39117,5,484110,78,0,2020,A,,3,3,167921,59321,1602,1211,62970,,1.63,0.30,0.53,0.56,0.68,1.96,1.96,N,1,50.0,0,0,0,0,0,0,0,0,0,0,0,0
39117,5,48412,77,0,2020,A,,3,6,298743,42002,380,971,50492,,1.10,0.21,0.30,0.14,0.09,1.44,1.44,N,-1,-25.0,0,0,0,0,0,0,0,0,0,0,0,0
39117,5,484121,78,0,2020,A,,3,6,298743,42002,380,971,50492,,1.33,0.32,0.48,0.21,0.14,1.52,1.52,N,-1,-25.0,0,0,0,0,0,0,0,0,0,0,0,0
39117,5,4842,76,0,2020,A,,6,20,1104483,248730,3745,1058,54995,,2.46,1.21,1.98,1.39,1.00,1.63,1.63,,-2,-25.0,-2,-9.1,4657,0.4,-32349,-11.5,-1952,-34.3,104,10.9,5379,10.8
39117,5,48422,77,0,2020,A,,6,20,1104483,248730,3745,1058,54995,,4.18,2.45,3.99,2.73,1.62,1.62,1.62,N,-2,-25.0,0,0,0,0,0,0,0,0,0,0,0,0
39117,5,484220,78,0,2020,A,,6,20,1104483,248730,3745,1058,54995,,4.18,2.45,3.99,2.73,1.62,1.62,1.62,N,-2,-25.0,0,0,0,0,0,0,0,0,0,0,0,0
39117,5,488,75,0,2020,A,N,2,0,0,0,0,0,0,N,0.85,0,0,0,0,0,0,N,1,100.0,0,0,0,0,0,0,0,0,0,0,0,0
39117,5,4884,76,0,2020,A,N,1,0,0,0,0,0,0,N,1.52,0,0,0,0,0,0,N,1,100.0,0,0,0,0,0,0,0,0,0,0,0,0
39117,5,48841,77,0,2020,A,N,1,0,0,0,0,0,0,N,2.15,0,0,0,0,0,0,N,1,100.0,0,0,0,0,0,0,0,0,0,0,0,0
39117,5,488410,78,0,2020,A,N,1,0,0,0,0,0,0,N,2.15,0,0,0,0,0,0,N,1,100.0,0,0,0,0,0,0,0,0,0,0,0,0
39117,5,4885,76,0,2020,A,N,1,0,0,0,0,0,0,N,1.04,0,0,0,0,0,0,N,0,0.0,0,0,0,0,0,0,0,0,0,0,0,0
39117,5,48851,77,0,2020,A,N,1,0,0,0,0,0,0,N,1.04,0,0,0,0,0,0,N,0,0.0,0,0,0,0,0,0,0,0,0,0,0,0
39117,5,488510,78,0,2020,A,N,1,0,0,0,0,0,0,N,1.04,0,0,0,0,0,0,N,0,0.0,0,0,0,0,0,0,0,0,0,0,0,0
39117,5,51,74,0,2020,A,,6,12,735544,115642,3020,1212,63047,,0.63,0.12,0.09,0.11,0.12,0.76,0.76,,1,20.0,0,0.0,107948,17.2,1585,1.4,880,41.1,199,19.6,10382,19.7
39117,5,511,75,0,2020,A,,4,6,261600,53194,1174,915,47564,,1.38,0.21,0.10,0.15,0.18,0.53,0.53,N,2,100.0,0,0,0,0,0,0,0,0,0,0,0,0
39117,5,5111,76,0,2020,A,N,1,0,0,0,0,0,0,N,1.07,0,0,0,0,0,0,N,0,0.0,0,0,0,0,0,0,0,0,0,0,0,0
39117,5,51111,77,0,2020,A,N,1,0,0,0,0,0,0,N,3.08,0,0,0,0,0,0,N,0,0.0,0,0,0,0,0,0,0,0,0,0,0,0
39117,5,511110,78,0,2020,A,N,1,0,0,0,0,0,0,N,3.08,0,0,0,0,0,0,N,0,0.0,0,0,0,0,0,0,0,0,0,0,0,0
39117,5,5112,76,0,2020,A,N,3,0,0,0,0,0,0,N,1.53,0,0,0,0,0,0,N,2,200.0,0,0,0,0,0,0,0,0,0,0,0,0
39117,5,51121,77,0,2020,A,N,3,0,0,0,0,0,0,N,1.53,0,0,0,0,0,0,N,2,200.0,0,0,0,0,0,0,0,0,0,0,0,0
39117,5,511210,78,0,2020,A,N,3,0,0,0,0,0,0,N,1.53,0,0,0,0,0,0,N,2,200.0,0,0,0,0,0,0,0,0,0,0,0,0
39117,5,517,75,0,2020,A,N,2,0,0,0,0,0,0,N,1.17,0,0,0,0,0,0,N,0,0.0,0,0,0,0,0,0,0,0,0,0,0,0
39117,5,5173,76,0,2020,A,N,2,0,0,0,0,0,0,N,1.55,0,0,0,0,0,0,N,0,0.0,0,0,0,0,0,0,0,0,0,0,0,0
39117,5,51731,77,0,2020,A,N,2,0,0,0,0,0,0,N,1.55,0,0,0,0,0,0,N,0,0.0,0,0,0,0,0,0,0,0,0,0,0,0
39117,5,517311,78,0,2020,A,N,2,0,0,0,0,0,0,N,2.16,0,0,0,0,0,0,N,0,0.0,0,0,0,0,0,0,0,0,0,0,0,0
39117,5,518,75,0,2020,A,N,0,0,0,0,0,0,0,N,0.00,0,0,0,0,0,0,N,0,0,0,0,0,0,0,0,0,0,0,0,0,0
39117,5,5182,76,0,2020,A,N,0,0,0,0,0,0,0,N,0.00,0,0,0,0,0,0,N,0,0,0,0,0,0,0,0,0,0,0,0,0,0
39117,5,51821,77,0,2020,A,N,0,0,0,0,0,0,0,N,0.00,0,0,0,0,0,0,N,0,0,0,0,0,0,0,0,0,0,0,0,0,0
39117,5,518210,78,0,2020,A,N,0,0,0,0,0,0,0,N,0.00,0,0,0,0,0,0,N,0,0,0,0,0,0,0,0,0,0,0,0,0,0
39117,5,52,74,0,2020,A,,22,67,3181938,500235,5713,916,47610,,0.90,0.30,0.19,0.23,0.15,0.64,0.64,,2,10.0,-4,-5.6,-166697,-5.0,-101090,-16.8,-1726,-23.2,3,0.3,112,0.2
39117,5,521,75,0,2020,A,N,1,0,0,0,0,0,0,N,41.21,0,0,0,0,0,0,N,1,100.0,0,0,0,0,0,0,0,0,0,0,0,0
39117,5,5211,76,0,2020,A,N,1,0,0,0,0,0,0,N,41.21,0,0,0,0,0,0,N,1,100.0,0,0,0,0,0,0,0,0,0,0,0,0
39117,5,52111,77,0,2020,A,N,1,0,0,0,0,0,0,N,41.21,0,0,0,0,0,0,N,1,100.0,0,0,0,0,0,0,0,0,0,0,0,0
39117,5,521110,78,0,2020,A,N,1,0,0,0,0,0,0,N,41.21,0,0,0,0,0,0,N,1,100.0,0,0,0,0,0,0,0,0,0,0,0,0
39117,5,522,75,0,2020,A,,9,49,2264831,335765,4124,895,46538,,1.03,0.50,0.37,0.35,0.25,0.75,0.75,,-1,-10.0,-5,-9.3,6769,0.3,-58698,-14.9,-1268,-23.5,95,11.9,4915,11.8
39117,5,5221,76,0,2020,A,N,7,0,0,0,0,0,0,N,1.38,0,0,0,0,0,0,N,0,0.0,0,0,0,0,0,0,0,0,0,0,0,0
39117,5,52211,77,0,2020,A,,4,30,1380622,169493,1826,885,46021,,1.03,0.58,0.45,0.34,0.24,0.77,0.77,,0,0.0,-2,-6.2,1205,0.1,-20452,-10.8,-538,-22.8,56,6.8,2914,6.8
39117,5,522110,78,0,2020,A,,4,30,1380622,169493,1826,885,46021,,1.03,0.58,0.45,0.34,0.24,0.77,0.77,,0,0.0,-2,-6.2,1205,0.1,-20452,-10.8,-538,-22.8,56,6.8,2914,6.8
39117,5,52212,77,0,2020,A,N,2,0,0,0,0,0,0,N,6.07,0,0,0,0,0,0,N,0,0.0,0,0,0,0,0,0,0,0,0,0,0,0
39117,5,522120,78,0,2020,A,N,2,0,0,0,0,0,0,N,6.07,0,0,0,0,0,0,N,0,0.0,0,0,0,0,0,0,0,0,0,0,0,0
39117,5,52213,77,0,2020,A,N,1,0,0,0,0,0,0,N,1.19,0,0,0,0,0,0,N,0,0.0,0,0,0,0,0,0,0,0,0,0,0,0
39117,5,522130,78,0,2020,A,N,1,0,0,0,0,0,0,N,1.19,0,0,0,0,0,0,N,0,0.0,0,0,0,0,0,0,0,0,0,0,0,0
39117,5,5222,76,0,2020,A,N,2,0,0,0,0,0,0,N,0.86,0,0,0,0,0,0,N,0,0.0,0,0,0,0,0,0,0,0,0,0,0,0
39117,5,52222,77,0,2020,A,N,1,0,0,0,0,0,0,N,3.60,0,0,0,0,0,0,N,0,0.0,0,0,0,0,0,0,0,0,0,0,0,0
39117,5,522220,78,0,2020,A,N,1,0,0,0,0,0,0,N,3.60,0,0,0,0,0,0,N,0,0.0,0,0,0,0,0,0,0,0,0,0,0,0
39117,5,52229,77,0,2020,A,N,1,0,0,0,0,0,0,N,0.50,0,0,0,0,0,0,N,0,0.0,0,0,0,0,0,0,0,0,0,0,0,0
39117,5,522298,78,0,2020,A,N,1,0,0,0,0,0,0,N,2.32,0,0,0,0,0,0,N,0,0.0,0,0,0,0,0,0,0,0,0,0,0,0
39117,5,523,75,0,2020,A,N,3,0,0,0,0,0,0,N,0.51,0,0,0,0,0,0,N,2,200.0,0,0,0,0,0,0,0,0,0,0,0,0
39117,5,5231,76,0,2020,A,N,3,0,0,0,0,0,0,N,1.56,0,0,0,0,0,0,N,2,200.0,0,0,0,0,0,0,0,0,0,0,0,0
39117,5,52312,77,0,2020,A,N,3,0,0,0,0,0,0,N,2.10,0,0,0,0,0,0,N,2,200.0,0,0,0,0,0,0,0,0,0,0,0,0
39117,5,523120,78,0,2020,A,N,3,0,0,0,0,0,0,N,2.10,0,0,0,0,0,0,N,2,200.0,0,0,0,0,0,0,0,0,0,0,0,0
39117,5,524,75,0,2020,A,,10,15,694921,139572,1150,901,46849,,1.05,0.17,0.14,0.16,0.08,0.82,0.82,N,1,11.1,0,0,0,0,0,0,0,0,0,0,0,0
39117,5,5242,76,0,2020,A,,10,15,694921,139572,1150,901,46849,,1.23,0.34,0.30,0.33,0.16,0.90,0.90,N,1,11.1,0,0,0,0,0,0,0,0,0,0,0,0
39117,5,52421,77,0,2020,A,N,9,0,0,0,0,0,0,N,1.29,0,0,0,0,0,0,N,1,12.5,0,0,0,0,0,0,0,0,0,0,0,0
39117,5,524210,78,0,2020,A,N,9,0,0,0,0,0,0,N,1.29,0,0,0,0,0,0,N,1,12.5,0,0,0,0,0,0,0,0,0,0,0,0
39117,5,52429,77,0,2020,A,N,1,0,0,0,0,0,0,N,0.89,0,0,0,0,0,0,N,0,0.0,0,0,0,0,0,0,0,0,0,0,0,0
39117,5,524291,78,0,2020,A,N,1,0,0,0,0,0,0,N,2.84,0,0,0,0,0,0,N,0,0.0,0,0,0,0,0,0,0,0,0,0,0,0
39117,5,524298,78,0,2020,A,N,0,0,0,0,0,0,0,N,0.00,0,0,0,0,0,0,N,0,0,0,0,0,0,0,0,0,0,0,0,0,0
39117,5,525,75,0,2020,A,N,0,0,0,0,0,0,0,N,0.00,0,0,0,0,0,0,N,0,0,0,0,0,0,0,0,0,0,0,0,0,0
39117,5,5259,76,0,2020,A,N,0,0,0,0,0,0,0,N,0.00,0,0,0,0,0,0,N,0,0,0,0,0,0,0,0,0,0,0,0,0,0
39117,5,52592,77,0,2020,A,N,0,0,0,0,0,0,0,N,0.00,0,0,0,0,0,0,N,0,0,0,0,0,0,0,0,0,0,0,0,0,0
39117,5,525920,78,0,2020,A,N,0,0,0,0,0,0,0,N,0.00,0,0,0,0,0,0,N,0,0,0,0,0,0,0,0,0,0,0,0,0,0
39117,5,53,74,0,2020,A,,16,51,2016692,595612,6471,756,39286,,0.78,0.64,0.63,0.79,0.43,0.99,0.99,,-1,-5.9,-5,-8.9,94134,4.9,7119,1.2,-4122,-38.9,95,14.4,4903,14.3
39117,5,531,75,0,2020,A,N,15,0,0,0,0,0,0,N,0.84,0,0,0,0,0,0,N,-1,-6.2,0,0,0,0,0,0,0,0,0,0,0,0
39117,5,5311,76,0,2020,A,N,3,0,0,0,0,0,0,N,0.55,0,0,0,0,0,0,N,-1,-25.0,0,0,0,0,0,0,0,0,0,0,0,0
39117,5,53111,77,0,2020,A,N,3,0,0,0,0,0,0,N,1.00,0,0,0,0,0,0,N,-1,-25.0,0,0,0,0,0,0,0,0,0,0,0,0
39117,5,531110,78,0,2020,A,N,3,0,0,0,0,0,0,N,1.00,0,0,0,0,0,0,N,-1,-25.0,0,0,0,0,0,0,0,0,0,0,0,0
39117,5,5312,76,0,2020,A,N,2,0,0,0,0,0,0,N,0.31,0,0,0,0,0,0,N,0,0.0,0,0,0,0,0,0,0,0,0,0,0,0
39117,5,53121,77,0,2020,A,N,2,0,0,0,0,0,0,N,0.31,0,0,0,0,0,0,N,0,0.0,0,0,0,0,0,0,0,0,0,0,0,0
39117,5,531210,78,0,2020,A,N,2,0,0,0,0,0,0,N,0.31,0,0,0,0,0,0,N,0,0.0,0,0,0,0,0,0,0,0,0,0,0,0
39117,5,5313,76,0,2020,A,,10,35,1410537,408942,4627,784,40787,,1.72,1.28,1.30,1.59,0.86,1.02,1.02,,0,0.0,-4,-10.3,40737,3.0,2067,0.5,-3091,-40.0,106,15.6,5513,15.6
39117,5,53131,77,0,2020,A,N,9,0,0,0,0,0,0,N,2.16,0,0,0,0,0,0,N,0,0.0,0,0,0,0,0,0,0,0,0,0,0,0
39117,5,531311,78,0,2020,A,,6,30,1051081,341215,3249,685,35630,,1.92,1.72,1.89,2.10,0.95,1.12,1.12,,0,0.0,-3,-9.1,-65500,-5.9,-13720,-3.9,-2712,-45.5,42,6.5,2216,6.6
39117,5,531312,78,0,2020,A,N,3,0,0,0,0,0,0,N,2.87,0,0,0,0,0,0,N,0,0.0,0,0,0,0,0,0,0,0,0,0,0,0
39117,5,53139,77,0,2020,A,N,1,0,0,0,0,0,0,N,0.98,0,0,0,0,0,0,N,0,0.0,0,0,0,0,0,0,0,0,0,0,0,0
39117,5,531390,78,0,2020,A,N,1,0,0,0,0,0,0,N,0.98,0,0,0,0,0,0,N,0,0.0,0,0,0,0,0,0,0,0,0,0,0,0
39117,5,532,75,0,2020,A,N,1,0,0,0,0,0,0,N,0.38,0,0,0,0,0,0,N,0,0.0,0,0,0,0,0,0,0,0,0,0,0,0
39117,5,5324,76,0,2020,A,N,1,0,0,0,0,0,0,N,1.27,0,0,0,0,0,0,N,0,0.0,0,0,0,0,0,0,0,0,0,0,0,0
39117,5,53249,77,0,2020,A,N,1,0,0,0,0,0,0,N,2.53,0,0,0,0,0,0,N,0,0.0,0,0,0,0,0,0,0,0,0,0,0,0
39117,5,532490,78,0,2020,A,N,1,0,0,0,0,0,0,N,2.53,0,0,0,0,0,0,N,0,0.0,0,0,0,0,0,0,0,0,0,0,0,0
39117,5,54,74,0,2020,A,N,34,0,0,0,0,0,0,N,0.54,0,0,0,0,0,0,N,5,17.2,0,0,0,0,0,0,0,0,0,0,0,0
39117,5,541,75,0,2020,A,N,34,0,0,0,0,0,0,N,0.54,0,0,0,0,0,0,N,5,17.2,0,0,0,0,0,0,0,0,0,0,0,0
39117,5,5411,76,0,2020,A,,6,8,217972,85806,1174,503,26157,,0.65,0.19,0.08,0.22,0.18,0.39,0.40,,1,20.0,0,0.0,26118,13.6,16550,23.9,522,80.1,11,2.2,576,2.3
39117,5,54111,77,0,2020,A,N,5,0,0,0,0,0,0,N,0.59,0,0,0,0,0,0,N,0,0.0,0,0,0,0,0,0,0,0,0,0,0,0
39117,5,541110,78,0,2020,A,N,5,0,0,0,0,0,0,N,0.59,0,0,0,0,0,0,N,0,0.0,0,0,0,0,0,0,0,0,0,0,0,0
39117,5,54119,77,0,2020,A,N,1,0,0,0,0,0,0,N,1.33,0,0,0,0,0,0,N,1,100.0,0,0,0,0,0,0,0,0,0,0,0,0
39117,5,541191,78,0,2020,A,N,1,0,0,0,0,0,0,N,2.34,0,0,0,0,0,0,N,1,100.0,0,0,0,0,0,0,0,0,0,0,0,0
39117,5,5412,76,0,2020,A,,7,21,824365,249358,5633,740,38492,,0.96,0.56,0.44,0.69,0.77,0.78,0.78,,1,16.7,2,10.5,80858,10.9,26143,11.7,-3772,-40.1,-29,-3.8,-1517,-3.8
39117,5,54121,77,0,2020,A,,7,21,824365,249358,5633,740,38492,,0.96,0.56,0.44,0.69,0.77,0.78,0.78,,1,16.7,2,10.5,80858,10.9,26143,11.7,-3772,-40.1,-29,-3.8,-1517,-3.8
39117,5,541211,78,0,2020,A,N,3,0,0,0,0,0,0,N,1.12,0,0,0,0,0,0,N,2,200.0,0,0,0,0,0,0,0,0,0,0,0,0
39117,5,541213,78,0,2020,A,N,2,0,0,0,0,0,0,N,1.23,0,0,0,0,0,0,N,0,0.0,0,0,0,0,0,0,0,0,0,0,0,0
39117,5,541219,78,0,2020,A,N,2,0,0,0,0,0,0,N,0.78,0,0,0,0,0,0,N,-1,-33.3,0,0,0,0,0,0,0,0,0,0,0,0
39117,5,5413,76,0,2020,A,N,2,0,0,0,0,0,0,N,0.29,0,0,0,0,0,0,N,0,0.0,0,0,0,0,0,0,0,0,0,0,0,0
39117,5,54132,77,0,2020,A,N,1,0,0,0,0,0,0,N,3.13,0,0,0,0,0,0,N,0,0.0,0,0,0,0,0,0,0,0,0,0,0,0
39117,5,541320,78,0,2020,A,N,1,0,0,0,0,0,0,N,3.13,0,0,0,0,0,0,N,0,0.0,0,0,0,0,0,0,0,0,0,0,0,0
39117,5,54134,77,0,2020,A,N,1,0,0,0,0,0,0,N,6.93,0,0,0,0,0,0,N,0,0.0,0,0,0,0,0,0,0,0,0,0,0,0
39117,5,541340,78,0,2020,A,N,1,0,0,0,0,0,0,N,6.93,0,0,0,0,0,0,N,0,0.0,0,0,0,0,0,0,0,0,0,0,0,0
39117,5,5414,76,0,2020,A,N,1,0,0,0,0,0,0,N,0.53,0,0,0,0,0,0,N,0,0.0,0,0,0,0,0,0,0,0,0,0,0,0
39117,5,54142,77,0,2020,A,N,1,0,0,0,0,0,0,N,8.47,0,0,0,0,0,0,N,0,0.0,0,0,0,0,0,0,0,0,0,0,0,0
39117,5,541420,78,0,2020,A,N,1,0,0,0,0,0,0,N,8.47,0,0,0,0,0,0,N,0,0.0,0,0,0,0,0,0,0,0,0,0,0,0
39117,5,5415,76,0,2020,A,,7,8,825539,90000,2664,2071,107679,,0.49,0.10,0.13,0.11,0.14,1.35,1.35,,0,0.0,0,0.0,5291,0.6,-42419,-32.0,-807,-23.2,99,5.0,5148,5.0
39117,5,54151,77,0,2020,A,,7,8,825539,90000,2664,2071,107679,,0.49,0.10,0.13,0.11,0.14,1.35,1.35,,0,0.0,0,0.0,5291,0.6,-42419,-32.0,-807,-23.2,99,5.0,5148,5.0
39117,5,541511,78,0,2020,A,,7,8,825539,90000,2664,2071,107679,,1.09,0.22,0.26,0.24,0.29,1.25,1.25,,0,0.0,0,0.0,5291,0.6,-42419,-32.0,-807,-23.2,99,5.0,5148,5.0
39117,5,5416,76,0,2020,A,N,4,0,0,0,0,0,0,N,0.29,0,0,0,0,0,0,N,2,100.0,0,0,0,0,0,0,0,0,0,0,0,0
39117,5,54161,77,0,2020,A,N,4,0,0,0,0,0,0,N,0.36,0,0,0,0,0,0,N,2,100.0,0,0,0,0,0,0,0,0,0,0,0,0
39117,5,541611,78,0,2020,A,N,1,0,0,0,0,0,0,N,0.17,0,0,0,0,0,0,N,0,0.0,0,0,0,0,0,0,0,0,0,0,0,0
39117,5,541614,78,0,2020,A,N,2,0,0,0,0,0,0,N,2.68,0,0,0,0,0,0,N,1,100.0,0,0,0,0,0,0,0,0,0,0,0,0
39117,5,541618,78,0,2020,A,N,1,0,0,0,0,0,0,N,0.84,0,0,0,0,0,0,N,1,100.0,0,0,0,0,0,0,0,0,0,0,0,0
39117,5,5417,76,0,2020,A,N,1,0,0,0,0,0,0,N,0.58,0,0,0,0,0,0,N,0,0.0,0,0,0,0,0,0,0,0,0,0,0,0
39117,5,54171,77,0,2020,A,N,1,0,0,0,0,0,0,N,0.67,0,0,0,0,0,0,N,0,0.0,0,0,0,0,0,0,0,0,0,0,0,0
39117,5,541715,78,0,2020,A,N,1,0,0,0,0,0,0,N,1.16,0,0,0,0,0,0,N,0,0.0,0,0,0,0,0,0,0,0,0,0,0,0
39117,5,5418,76,0,2020,A,N,1,0,0,0,0,0,0,N,0.38,0,0,0,0,0,0,N,0,0.0,0,0,0,0,0,0,0,0,0,0,0,0
39117,5,54184,77,0,2020,A,N,1,0,0,0,0,0,0,N,6.37,0,0,0,0,0,0,N,0,0.0,0,0,0,0,0,0,0,0,0,0,0,0
39117,5,541840,78,0,2020,A,N,1,0,0,0,0,0,0,N,6.37,0,0,0,0,0,0,N,0,0.0,0,0,0,0,0,0,0,0,0,0,0,0
39117,5,5419,76,0,2020,A,,5,29,1014391,345474,2688,675,35080,,1.02,1.06,0.99,1.34,0.61,0.93,0.93,,0,0.0,-1,-3.3,-92478,-8.4,96034,38.5,1146,74.3,-29,-4.1,-1511,-4.1
39117,5,54192,77,0,2020,A,N,1,0,0,0,0,0,0,N,1.48,0,0,0,0,0,0,N,0,0.0,0,0,0,0,0,0,0,0,0,0,0,0
39117,5,541921,78,0,2020,A,N,1,0,0,0,0,0,0,N,2.05,0,0,0,0,0,0,N,0,0.0,0,0,0,0,0,0,0,0,0,0,0,0
39117,5,54194,77,0,2020,A,N,4,0,0,0,0,0,0,N,2.58,0,0,0,0,0,0,N,0,0.0,0,0,0,0,0,0,0,0,0,0,0,0
39117,5,541940,78,0,2020,A,N,4,0,0,0,0,0,0,N,2.58,0,0,0,0,0,0,N,0,0.0,0,0,0,0,0,0,0,0,0,0,0,0
39117,5,55,74,0,2020,A,N,1,0,0,0,0,0,0,N,0.29,0,0,0,0,0,0,N,-1,-50.0,0,0,0,0,0,0,0,0,0,0,0,0
39117,5,551,75,0,2020,A,N,1,0,0,0,0,0,0,N,0.29,0,0,0,0,0,0,N,-1,-50.0,0,0,0,0,0,0,0,0,0,0,0,0
39117,5,5511,76,0,2020,A,N,1,0,0,0,0,0,0,N,0.29,0,0,0,0,0,0,N,-1,-50.0,0,0,0,0,0,0,0,0,0,0,0,0
39117,5,55111,77,0,2020,A,N,1,0,0,0,0,0,0,N,0.29,0,0,0,0,0,0,N,-1,-50.0,0,0,0,0,0,0,0,0,0,0,0,0
39117,5,551114,78,0,2020,A,N,1,0,0,0,0,0,0,N,0.34,0,0,0,0,0,0,N,-1,-50.0,0,0,0,0,0,0,0,0,0,0,0,0
39117,5,56,74,0,2020,A,,34,245,8340595,3509083,86328,655,34043,,1.22,0.77,0.93,1.09,1.11,1.20,1.20,,2,6.2,37,17.8,2395811,40.3,1134436,47.8,30632,55.0,106,19.3,5508,19.3
39117,5,561,75,0,2020,A,,27,194,6301838,2917223,77909,626,32554,,1.02,0.65,0.76,0.96,1.06,1.17,1.17,,2,8.0,42,27.6,2300122,57.5,1165052,66.5,31429,67.6,119,23.5,6198,23.5
39117,5,5611,76,0,2020,A,N,1,0,0,0,0,0,0,N,0.37,0,0,0,0,0,0,N,0,0.0,0,0,0,0,0,0,0,0,0,0,0,0
39117,5,56111,77,0,2020,A,N,1,0,0,0,0,0,0,N,0.37,0,0,0,0,0,0,N,0,0.0,0,0,0,0,0,0,0,0,0,0,0,0
39117,5,561110,78,0,2020,A,N,1,0,0,0,0,0,0,N,0.37,0,0,0,0,0,0,N,0,0.0,0,0,0,0,0,0,0,0,0,0,0,0
39117,5,5613,76,0,2020,A,N,3,0,0,0,0,0,0,N,0.50,0,0,0,0,0,0,N,0,0.0,0,0,0,0,0,0,0,0,0,0,0,0
39117,5,56131,77,0,2020,A,N,2,0,0,0,0,0,0,N,1.66,0,0,0,0,0,0,N,0,0.0,0,0,0,0,0,0,0,0,0,0,0,0
39117,5,561312,78,0,2020,A,N,2,0,0,0,0,0,0,N,5.49,0,0,0,0,0,0,N,0,0.0,0,0,0,0,0,0,0,0,0,0,0,0
39117,5,56132,77,0,2020,A,N,1,0,0,0,0,0,0,N,0.25,0,0,0,0,0,0,N,0,0.0,0,0,0,0,0,0,0,0,0,0,0,0
39117,5,561320,78,0,2020,A,N,1,0,0,0,0,0,0,N,0.25,0,0,0,0,0,0,N,0,0.0,0,0,0,0,0,0,0,0,0,0,0,0
39117,5,5614,76,0,2020,A,N,2,0,0,0,0,0,0,N,0.82,0,0,0,0,0,0,N,0,0.0,0,0,0,0,0,0,0,0,0,0,0,0
39117,5,56141,77,0,2020,A,N,1,0,0,0,0,0,0,N,3.02,0,0,0,0,0,0,N,0,0.0,0,0,0,0,0,0,0,0,0,0,0,0
39117,5,561410,78,0,2020,A,N,1,0,0,0,0,0,0,N,3.02,0,0,0,0,0,0,N,0,0.0,0,0,0,0,0,0,0,0,0,0,0,0
39117,5,56149,77,0,2020,A,N,1,0,0,0,0,0,0,N,1.33,0,0,0,0,0,0,N,0,0.0,0,0,0,0,0,0,0,0,0,0,0,0
39117,5,561499,78,0,2020,A,N,1,0,0,0,0,0,0,N,1.78,0,0,0,0,0,0,N,0,0.0,0,0,0,0,0,0,0,0,0,0,0,0
39117,5,5615,76,0,2020,A,N,1,0,0,0,0,0,0,N,0.97,0,0,0,0,0,0,N,0,0.0,0,0,0,0,0,0,0,0,0,0,0,0
39117,5,56159,77,0,2020,A,N,1,0,0,0,0,0,0,N,4.00,0,0,0,0,0,0,N,0,0.0,0,0,0,0,0,0,0,0,0,0,0,0
39117,5,561599,78,0,2020,A,N,1,0,0,0,0,0,0,N,4.93,0,0,0,0,0,0,N,0,0.0,0,0,0,0,0,0,0,0,0,0,0,0
39117,5,5616,76,0,2020,A,,3,10,275662,166103,3197,530,27566,,1.78,0.30,0.34,0.55,0.53,1.16,1.16,,0,0.0,5,100.0,93376,51.2,92311,125.1,429,15.5,-117,-18.1,-6087,-18.1
39117,5,56161,77,0,2020,A,N,1,0,0,0,0,0,0,N,0.98,0,0,0,0,0,0,N,0,0.0,0,0,0,0,0,0,0,0,0,0,0,0
39117,5,561611,78,0,2020,A,N,1,0,0,0,0,0,0,N,3.96,0,0,0,0,0,0,N,0,0.0,0,0,0,0,0,0,0,0,0,0,0,0
39117,5,56162,77,0,2020,A,N,2,0,0,0,0,0,0,N,3.02,0,0,0,0,0,0,N,0,0.0,0,0,0,0,0,0,0,0,0,0,0,0
39117,5,561621,78,0,2020,A,N,1,0,0,0,0,0,0,N,2.14,0,0,0,0,0,0,N,0,0.0,0,0,0,0,0,0,0,0,0,0,0,0
39117,5,561622,78,0,2020,A,N,1,0,0,0,0,0,0,N,5.11,0,0,0,0,0,0,N,0,0.0,0,0,0,0,0,0,0,0,0,0,0,0
39117,5,5617,76,0,2020,A,,15,55,1357769,667241,28885,473,24575,,1.37,0.71,0.83,0.96,1.69,1.16,1.16,,2,15.4,9,19.6,302015,28.6,125168,23.1,4973,20.8,36,8.2,1830,8.0
39117,5,56172,77,0,2020,A,N,2,0,0,0,0,0,0,N,0.55,0,0,0,0,0,0,N,-1,-33.3,0,0,0,0,0,0,0,0,0,0,0,0
39117,5,561720,78,0,2020,A,N,2,0,0,0,0,0,0,N,0.55,0,0,0,0,0,0,N,-1,-33.3,0,0,0,0,0,0,0,0,0,0,0,0
39117,5,56173,77,0,2020,A,,10,39,1096086,499303,24732,538,27985,,1.86,1.30,1.46,1.64,2.49,1.11,1.12,,1,11.1,0,0.0,132966,13.8,26150,5.5,2609,11.8,63,13.3,3290,13.3
39117,5,561730,78,0,2020,A,,10,39,1096086,499303,24732,538,27985,,1.86,1.30,1.46,1.64,2.49,1.11,1.12,,1,11.1,0,0.0,132966,13.8,26150,5.5,2609,11.8,63,13.3,3290,13.3
39117,5,56174,77,0,2020,A,N,1,0,0,0,0,0,0,N,2.78,0,0,0,0,0,0,N,1,100.0,0,0,0,0,0,0,0,0,0,0,0,0
39117,5,561740,78,0,2020,A,N,1,0,0,0,0,0,0,N,2.78,0,0,0,0,0,0,N,1,100.0,0,0,0,0,0,0,0,0,0,0,0,0
39117,5,56179,77,0,2020,A,N,2,0,0,0,0,0,0,N,2.41,0,0,0,0,0,0,N,0,0.0,0,0,0,0,0,0,0,0,0,0,0,0
39117,5,561790,78,0,2020,A,N,2,0,0,0,0,0,0,N,2.41,0,0,0,0,0,0,N,0,0.0,0,0,0,0,0,0,0,0,0,0,0,0
39117,5,5619,76,0,2020,A,N,2,0,0,0,0,0,0,N,1.44,0,0,0,0,0,0,N,0,0.0,0,0,0,0,0,0,0,0,0,0,0,0
39117,5,56199,77,0,2020,A,N,2,0,0,0,0,0,0,N,2.07,0,0,0,0,0,0,N,0,0.0,0,0,0,0,0,0,0,0,0,0,0,0
39117,5,561990,78,0,2020,A,N,2,0,0,0,0,0,0,N,2.07,0,0,0,0,0,0,N,0,0.0,0,0,0,0,0,0,0,0,0,0,0,0
39117,5,562,75,0,2020,A,,7,51,2038757,591860,8419,763,39652,,4.82,3.10,3.17,3.37,2.14,1.01,1.01,,0,0.0,-6,-10.5,95689,4.9,-30616,-4.9,-797,-8.6,102,15.4,5261,15.3
39117,5,5621,76,0,2020,A,N,3,0,0,0,0,0,0,N,5.31,0,0,0,0,0,0,N,0,0.0,0,0,0,0,0,0,0,0,0,0,0,0
39117,5,56211,77,0,2020,A,N,3,0,0,0,0,0,0,N,5.31,0,0,0,0,0,0,N,0,0.0,0,0,0,0,0,0,0,0,0,0,0,0
39117,5,562111,78,0,2020,A,N,3,0,0,0,0,0,0,N,6.71,0,0,0,0,0,0,N,0,0.0,0,0,0,0,0,0,0,0,0,0,0,0
39117,5,5622,76,0,2020,A,N,1,0,0,0,0,0,0,N,5.16,0,0,0,0,0,0,N,0,0.0,0,0,0,0,0,0,0,0,0,0,0,0
39117,5,56221,77,0,2020,A,N,1,0,0,0,0,0,0,N,5.16,0,0,0,0,0,0,N,0,0.0,0,0,0,0,0,0,0,0,0,0,0,0
39117,5,562213,78,0,2020,A,N,1,0,0,0,0,0,0,N,123.38,0,0,0,0,0,0,N,0,0.0,0,0,0,0,0,0,0,0,0,0,0,0
39117,5,5629,76,0,2020,A,N,3,0,0,0,0,0,0,N,4.33,0,0,0,0,0,0,N,0,0.0,0,0,0,0,0,0,0,0,0,0,0,0
39117,5,56292,77,0,2020,A,N,1,0,0,0,0,0,0,N,15.55,0,0,0,0,0,0,N,0,0.0,0,0,0,0,0,0,0,0,0,0,0,0
39117,5,562920,78,0,2020,A,N,1,0,0,0,0,0,0,N,15.55,0,0,0,0,0,0,N,0,0.0,0,0,0,0,0,0,0,0,0,0,0,0
39117,5,56299,77,0,2020,A,N,2,0,0,0,0,0,0,N,7.01,0,0,0,0,0,0,N,0,0.0,0,0,0,0,0,0,0,0,0,0,0,0
39117,5,562991,78,0,2020,A,N,2,0,0,0,0,0,0,N,10.66,0,0,0,0,0,0,N,0,0.0,0,0,0,0,0,0,0,0,0,0,0,0
39117,5,61,74,0,2020,A,N,4,0,0,0,0,0,0,N,0.63,0,0,0,0,0,0,N,1,33.3,0,0,0,0,0,0,0,0,0,0,0,0
39117,5,611,75,0,2020,A,N,4,0,0,0,0,0,0,N,0.63,0,0,0,0,0,0,N,1,33.3,0,0,0,0,0,0,0,0,0,0,0,0
39117,5,6113,76,0,2020,A,N,1,0,0,0,0,0,0,N,1.96,0,0,0,0,0,0,N,0,0.0,0,0,0,0,0,0,0,0,0,0,0,0
39117,5,61131,77,0,2020,A,N,1,0,0,0,0,0,0,N,1.96,0,0,0,0,0,0,N,0,0.0,0,0,0,0,0,0,0,0,0,0,0,0
39117,5,611310,78,0,2020,A,N,1,0,0,0,0,0,0,N,1.96,0,0,0,0,0,0,N,0,0.0,0,0,0,0,0,0,0,0,0,0,0,0
39117,5,6114,76,0,2020,A,N,1,0,0,0,0,0,0,N,1.64,0,0,0,0,0,0,N,1,100.0,0,0,0,0,0,0,0,0,0,0,0,0
39117,5,61141,77,0,2020,A,N,1,0,0,0,0,0,0,N,67.44,0,0,0,0,0,0,N,1,100.0,0,0,0,0,0,0,0,0,0,0,0,0
39117,5,611410,78,0,2020,A,N,1,0,0,0,0,0,0,N,67.44,0,0,0,0,0,0,N,1,100.0,0,0,0,0,0,0,0,0,0,0,0,0
39117,5,6117,76,0,2020,A,N,2,0,0,0,0,0,0,N,1.96,0,0,0,0,0,0,N,0,0.0,0,0,0,0,0,0,0,0,0,0,0,0
39117,5,61171,77,0,2020,A,N,2,0,0,0,0,0,0,N,1.96,0,0,0,0,0,0,N,0,0.0,0,0,0,0,0,0,0,0,0,0,0,0
39117,5,611710,78,0,2020,A,N,2,0,0,0,0,0,0,N,1.96,0,0,0,0,0,0,N,0,0.0,0,0,0,0,0,0,0,0,0,0,0,0
39117,5,62,74,0,2020,A,N,48,0,0,0,0,0,0,N,0.58,0,0,0,0,0,0,N,3,6.7,0,0,0,0,0,0,0,0,0,0,0,0
39117,5,621,75,0,2020,A,,35,225,11758326,2013665,22167,1003,52182,,1.17,0.81,1.03,0.94,0.67,1.27,1.27,,3,9.4,-50,-18.2,-369839,-3.0,-487532,-19.5,-6331,-22.2,156,18.4,8120,18.4
39117,5,6211,76,0,2020,A,N,13,0,0,0,0,0,0,N,1.25,0,0,0,0,0,0,N,2,18.2,0,0,0,0,0,0,0,0,0,0,0,0
39117,5,62111,77,0,2020,A,N,13,0,0,0,0,0,0,N,1.25,0,0,0,0,0,0,N,2,18.2,0,0,0,0,0,0,0,0,0,0,0,0
39117,5,621111,78,0,2020,A,N,13,0,0,0,0,0,0,N,1.32,0,0,0,0,0,0,N,2,18.2,0,0,0,0,0,0,0,0,0,0,0,0
39117,5,6212,76,0,2020,A,N,3,0,0,0,0,0,0,N,0.48,0,0,0,0,0,0,N,0,0.0,0,0,0,0,0,0,0,0,0,0,0,0
39117,5,62121,77,0,2020,A,N,3,0,0,0,0,0,0,N,0.48,0,0,0,0,0,0,N,0,0.0,0,0,0,0,0,0,0,0,0,0,0,0
39117,5,621210,78,0,2020,A,N,3,0,0,0,0,0,0,N,0.48,0,0,0,0,0,0,N,0,0.0,0,0,0,0,0,0,0,0,0,0,0,0
39117,5,6213,76,0,2020,A,,11,61,2342773,563662,5922,741,38511,,1.46,1.79,2.47,1.84,1.30,1.38,1.38,,2,22.2,-5,-7.6,125890,5.7,-73063,-11.5,-1983,-25.1,94,14.5,4879,14.5
39117,5,62131,77,0,2020,A,,3,10,270707,128537,859,508,26410,,1.61,2.01,2.39,2.83,1.46,1.16,1.16,N,1,50.0,0,0,0,0,0,0,0,0,0,0,0,0
39117,5,621310,78,0,2020,A,,3,10,270707,128537,859,508,26410,,1.61,2.01,2.39,2.83,1.46,1.16,1.16,N,1,50.0,0,0,0,0,0,0,0,0,0,0,0,0
39117,5,62132,77,0,2020,A,N,2,0,0,0,0,0,0,N,2.02,0,0,0,0,0,0,N,0,0.0,0,0,0,0,0,0,0,0,0,0,0,0
39117,5,621320,78,0,2020,A,N,2,0,0,0,0,0,0,N,2.02,0,0,0,0,0,0,N,0,0.0,0,0,0,0,0,0,0,0,0,0,0,0
39117,5,62133,77,0,2020,A,N,1,0,0,0,0,0,0,N,0.88,0,0,0,0,0,0,N,1,100.0,0,0,0,0,0,0,0,0,0,0,0,0
39117,5,621330,78,0,2020,A,N,1,0,0,0,0,0,0,N,0.88,0,0,0,0,0,0,N,1,100.0,0,0,0,0,0,0,0,0,0,0,0,0
39117,5,62134,77,0,2020,A,,4,39,1476587,339236,4079,734,38188,,2.00,2.73,3.59,2.68,2.21,1.32,1.33,,0,0.0,-1,-2.5,202001,15.8,-18799,-5.3,-923,-18.5,126,20.7,6587,20.8
39117,5,621340,78,0,2020,A,,4,39,1476587,339236,4079,734,38188,,2.00,2.73,3.59,2.68,2.21,1.32,1.33,,0,0.0,-1,-2.5,202001,15.8,-18799,-5.3,-923,-18.5,126,20.7,6587,20.8
39117,5,62139,77,0,2020,A,N,1,0,0,0,0,0,0,N,0.65,0,0,0,0,0,0,N,0,0.0,0,0,0,0,0,0,0,0,0,0,0,0
39117,5,621399,78,0,2020,A,N,1,0,0,0,0,0,0,N,0.82,0,0,0,0,0,0,N,0,0.0,0,0,0,0,0,0,0,0,0,0,0,0
39117,5,6214,76,0,2020,A,N,1,0,0,0,0,0,0,N,0.50,0,0,0,0,0,0,N,0,0.0,0,0,0,0,0,0,0,0,0,0,0,0
39117,5,62142,77,0,2020,A,N,1,0,0,0,0,0,0,N,1.73,0,0,0,0,0,0,N,0,0.0,0,0,0,0,0,0,0,0,0,0,0,0
39117,5,621420,78,0,2020,A,N,1,0,0,0,0,0,0,N,1.73,0,0,0,0,0,0,N,0,0.0,0,0,0,0,0,0,0,0,0,0,0,0
39117,5,62149,77,0,2020,A,N,0,0,0,0,0,0,0,N,0.00,0,0,0,0,0,0,N,0,0,0,0,0,0,0,0,0,0,0,0,0,0
39117,5,621498,78,0,2020,A,N,0,0,0,0,0,0,0,N,0.00,0,0,0,0,0,0,N,0,0,0,0,0,0,0,0,0,0,0,0,0,0
39117,5,6216,76,0,2020,A,,5,10,283048,26243,427,549,28543,,2.58,0.18,0.24,0.07,0.06,1.33,1.33,N,-1,-16.7,0,0,0,0,0,0,0,0,0,0,0,0
39117,5,62161,77,0,2020,A,,5,10,283048,26243,427,549,28543,,2.58,0.18,0.24,0.07,0.06,1.33,1.33,N,-1,-16.7,0,0,0,0,0,0,0,0,0,0,0,0
39117,5,621610,78,0,2020,A,,5,10,283048,26243,427,549,28543,,2.58,0.18,0.24,0.07,0.06,1.33,1.33,N,-1,-16.7,0,0,0,0,0,0,0,0,0,0,0,0
39117,5,6219,76,0,2020,A,N,2,0,0,0,0,0,0,N,2.73,0,0,0,0,0,0,N,0,0.0,0,0,0,0,0,0,0,0,0,0,0,0
39117,5,62191,77,0,2020,A,N,2,0,0,0,0,0,0,N,7.65,0,0,0,0,0,0,N,0,0.0,0,0,0,0,0,0,0,0,0,0,0,0
39117,5,621910,78,0,2020,A,N,2,0,0,0,0,0,0,N,7.65,0,0,0,0,0,0,N,0,0.0,0,0,0,0,0,0,0,0,0,0,0,0
39117,5,623,75,0,2020,A,,6,246,7448364,2512198,13461,583,30340,,1.50,2.08,2.79,3.15,1.11,1.34,1.34,,0,0.0,2,0.8,698483,10.3,-10914,-0.4,3425,34.1,51,9.6,2686,9.7
39117,5,6231,76,0,2020,A,N,3,0,0,0,0,0,0,N,3.42,0,0,0,0,0,0,N,0,0.0,0,0,0,0,0,0,0,0,0,0,0,0
39117,5,62311,77,0,2020,A,N,3,0,0,0,0,0,0,N,3.42,0,0,0,0,0,0,N,0,0.0,0,0,0,0,0,0,0,0,0,0,0,0
39117,5,623110,78,0,2020,A,N,3,0,0,0,0,0,0,N,3.42,0,0,0,0,0,0,N,0,0.0,0,0,0,0,0,0,0,0,0,0,0,0
39117,5,6232,76,0,2020,A,N,3,0,0,0,0,0,0,N,2.03,0,0,0,0,0,0,N,0,0.0,0,0,0,0,0,0,0,0,0,0,0,0
39117,5,62321,77,0,2020,A,N,3,0,0,0,0,0,0,N,2.82,0,0,0,0,0,0,N,0,0.0,0,0,0,0,0,0,0,0,0,0,0,0
39117,5,623210,78,0,2020,A,N,3,0,0,0,0,0,0,N,2.82,0,0,0,0,0,0,N,0,0.0,0,0,0,0,0,0,0,0,0,0,0,0
39117,5,624,75,0,2020,A,N,7,0,0,0,0,0,0,N,0.14,0,0,0,0,0,0,N,0,0.0,0,0,0,0,0,0,0,0,0,0,0,0
39117,5,6241,76,0,2020,A,,6,149,4631229,1734453,12153,596,30995,,0.14,1.54,2.98,2.96,0.95,1.93,1.94,,0,0.0,-13,-8.0,259203,5.9,-139411,-7.4,2021,19.9,78,15.1,4049,15.0
39117,5,62411,77,0,2020,A,N,1,0,0,0,0,0,0,N,1.76,0,0,0,0,0,0,N,-1,-50.0,0,0,0,0,0,0,0,0,0,0,0,0
39117,5,624110,78,0,2020,A,N,1,0,0,0,0,0,0,N,1.76,0,0,0,0,0,0,N,-1,-50.0,0,0,0,0,0,0,0,0,0,0,0,0
39117,5,62412,77,0,2020,A,N,3,0,0,0,0,0,0,N,0.07,0,0,0,0,0,0,N,0,0.0,0,0,0,0,0,0,0,0,0,0,0,0
39117,5,624120,78,0,2020,A,N,3,0,0,0,0,0,0,N,0.07,0,0,0,0,0,0,N,0,0.0,0,0,0,0,0,0,0,0,0,0,0,0
39117,5,62419,77,0,2020,A,N,2,0,0,0,0,0,0,N,1.25,0,0,0,0,0,0,N,0,0.0,0,0,0,0,0,0,0,0,0,0,0,0
39117,5,624190,78,0,2020,A,N,2,0,0,0,0,0,0,N,1.25,0,0,0,0,0,0,N,0,0.0,0,0,0,0,0,0,0,0,0,0,0,0
39117,5,6242,76,0,2020,A,N,1,0,0,0,0,0,0,N,1.69,0,0,0,0,0,0,N,0,0.0,0,0,0,0,0,0,0,0,0,0,0,0
39117,5,62423,77,0,2020,A,N,1,0,0,0,0,0,0,N,10.05,0,0,0,0,0,0,N,0,0.0,0,0,0,0,0,0,0,0,0,0,0,0
39117,5,624230,78,0,2020,A,N,1,0,0,0,0,0,0,N,10.05,0,0,0,0,0,0,N,0,0.0,0,0,0,0,0,0,0,0,0,0,0,0
39117,5,6244,76,0,2020,A,N,0,0,0,0,0,0,0,N,0.00,0,0,0,0,0,0,N,0,0,0,0,0,0,0,0,0,0,0,0,0,0
39117,5,62441,77,0,2020,A,N,0,0,0,0,0,0,0,N,0.00,0,0,0,0,0,0,N,0,0,0,0,0,0,0,0,0,0,0,0,0,0
39117,5,624410,78,0,2020,A,N,0,0,0,0,0,0,0,N,0.00,0,0,0,0,0,0,N,0,0,0,0,0,0,0,0,0,0,0,0,0,0
39117,5,71,74,0,2020,A,,8,65,1446524,587341,13113,426,22169,,1.05,1.01,0.81,1.26,1.27,0.80,0.80,,0,0.0,-56,-46.3,-600450,-29.3,-581532,-49.8,-15978,-54.9,102,31.5,5298,31.4
39117,5,711,75,0,2020,A,N,2,0,0,0,0,0,0,N,0.66,0,0,0,0,0,0,N,0,0.0,0,0,0,0,0,0,0,0,0,0,0,0
39117,5,7112,76,0,2020,A,N,1,0,0,0,0,0,0,N,3.00,0,0,0,0,0,0,N,0,0.0,0,0,0,0,0,0,0,0,0,0,0,0
39117,5,71121,77,0,2020,A,N,1,0,0,0,0,0,0,N,3.00,0,0,0,0,0,0,N,0,0.0,0,0,0,0,0,0,0,0,0,0,0,0
39117,5,711212,78,0,2020,A,N,1,0,0,0,0,0,0,N,27.21,0,0,0,0,0,0,N,0,0.0,0,0,0,0,0,0,0,0,0,0,0,0
39117,5,7115,76,0,2020,A,N,1,0,0,0,0,0,0,N,0.65,0,0,0,0,0,0,N,0,0.0,0,0,0,0,0,0,0,0,0,0,0,0
39117,5,71151,77,0,2020,A,N,1,0,0,0,0,0,0,N,0.65,0,0,0,0,0,0,N,0,0.0,0,0,0,0,0,0,0,0,0,0,0,0
39117,5,711510,78,0,2020,A,N,1,0,0,0,0,0,0,N,0.65,0,0,0,0,0,0,N,0,0.0,0,0,0,0,0,0,0,0,0,0,0,0
39117,5,713,75,0,2020,A,N,6,0,0,0,0,0,0,N,1.42,0,0,0,0,0,0,N,0,0.0,0,0,0,0,0,0,0,0,0,0,0,0
39117,5,7131,76,0,2020,A,N,1,0,0,0,0,0,0,N,5.61,0,0,0,0,0,0,N,0,0.0,0,0,0,0,0,0,0,0,0,0,0,0
39117,5,71312,77,0,2020,A,N,1,0,0,0,0,0,0,N,7.98,0,0,0,0,0,0,N,0,0.0,0,0,0,0,0,0,0,0,0,0,0,0
39117,5,713120,78,0,2020,A,N,1,0,0,0,0,0,0,N,7.98,0,0,0,0,0,0,N,0,0.0,0,0,0,0,0,0,0,0,0,0,0,0
39117,5,7139,76,0,2020,A,,5,27,362302,220140,6782,260,13502,,1.29,0.70,0.63,0.81,1.10,0.91,0.91,,0,0.0,-8,-22.9,-25137,-6.5,-55884,-20.2,-3088,-31.3,46,21.5,2379,21.4
39117,5,71391,77,0,2020,A,N,1,0,0,0,0,0,0,N,1.94,0,0,0,0,0,0,N,0,0.0,0,0,0,0,0,0,0,0,0,0,0,0
39117,5,713910,78,0,2020,A,N,1,0,0,0,0,0,0,N,1.94,0,0,0,0,0,0,N,0,0.0,0,0,0,0,0,0,0,0,0,0,0,0
39117,5,71394,77,0,2020,A,N,1,0,0,0,0,0,0,N,0.52,0,0,0,0,0,0,N,0,0.0,0,0,0,0,0,0,0,0,0,0,0,0
39117,5,713940,78,0,2020,A,N,1,0,0,0,0,0,0,N,0.52,0,0,0,0,0,0,N,0,0.0,0,0,0,0,0,0,0,0,0,0,0,0
39117,5,71399,77,0,2020,A,,3,20,292518,153975,2165,284,14749,,2.87,3.61,3.56,3.65,2.84,0.99,0.99,,0,0.0,-4,-16.7,10640,3.8,-25314,-14.1,177,8.9,60,26.8,3085,26.4
39117,5,713990,78,0,2020,A,,3,20,292518,153975,2165,284,14749,,2.87,3.61,3.56,3.65,2.84,0.99,0.99,,0,0.0,-4,-16.7,10640,3.8,-25314,-14.1,177,8.9,60,26.8,3085,26.4
39117,5,72,74,0,2020,A,,32,387,5232593,3474869,60508,260,13521,,0.92,0.94,0.92,1.07,1.21,0.97,0.97,,-1,-3.0,-49,-11.2,-52328,-1.0,-268869,-7.2,-3098,-4.9,27,11.6,1393,11.5
39117,5,721,75,0,2020,A,,5,40,701812,409773,21009,336,17472,,1.43,0.77,0.63,0.76,2.15,0.81,0.81,,0,0.0,-1,-2.4,69941,11.1,-1702,-0.4,-4671,-18.2,41,13.9,2123,13.8
39117,5,7211,76,0,2020,A,N,2,0,0,0,0,0,0,N,0.66,0,0,0,0,0,0,N,0,0.0,0,0,0,0,0,0,0,0,0,0,0,0
39117,5,72111,77,0,2020,A,N,2,0,0,0,0,0,0,N,0.72,0,0,0,0,0,0,N,0,0.0,0,0,0,0,0,0,0,0,0,0,0,0
39117,5,721110,78,0,2020,A,N,2,0,0,0,0,0,0,N,0.72,0,0,0,0,0,0,N,0,0.0,0,0,0,0,0,0,0,0,0,0,0,0
39117,5,7212,76,0,2020,A,N,3,0,0,0,0,0,0,N,7.99,0,0,0,0,0,0,N,0,0.0,0,0,0,0,0,0,0,0,0,0,0,0
39117,5,72121,77,0,2020,A,N,3,0,0,0,0,0,0,N,7.99,0,0,0,0,0,0,N,0,0.0,0,0,0,0,0,0,0,0,0,0,0,0
39117,5,721211,78,0,2020,A,N,3,0,0,0,0,0,0,N,12.91,0,0,0,0,0,0,N,0,0.0,0,0,0,0,0,0,0,0,0,0,0,0
39117,5,722,75,0,2020,A,,27,347,4530781,3065096,39499,251,13063,,0.86,0.97,0.99,1.13,0.98,1.02,1.02,,-2,-6.9,-48,-12.2,-122269,-2.6,-267167,-8.0,1573,4.1,24,10.6,1271,10.8
39117,5,7223,76,0,2020,A,N,1,0,0,0,0,0,0,N,0.50,0,0,0,0,0,0,N,0,0.0,0,0,0,0,0,0,0,0,0,0,0,0
39117,5,72231,77,0,2020,A,N,1,0,0,0,0,0,0,N,0.92,0,0,0,0,0,0,N,0,0.0,0,0,0,0,0,0,0,0,0,0,0,0
39117,5,722310,78,0,2020,A,N,1,0,0,0,0,0,0,N,0.92,0,0,0,0,0,0,N,0,0.0,0,0,0,0,0,0,0,0,0,0,0,0
39117,5,7225,76,0,2020,A,N,26,0,0,0,0,0,0,N,0.95,0,0,0,0,0,0,N,-2,-7.1,0,0,0,0,0,0,0,0,0,0,0,0
39117,5,72251,77,0,2020,A,N,26,0,0,0,0,0,0,N,0.95,0,0,0,0,0,0,N,-2,-7.1,0,0,0,0,0,0,0,0,0,0,0,0
39117,5,722511,78,0,2020,A,,11,116,1832157,1209150,21713,304,15829,,0.93,0.78,0.88,0.98,1.23,1.13,1.13,,0,0.0,0,0.0,160195,9.6,4849,0.4,2226,11.4,26,9.4,1374,9.5
39117,5,722513,78,0,2020,A,,13,222,2579446,1768484,15654,224,11628,,1.10,1.45,1.51,1.69,1.21,1.04,1.04,,-1,-7.1,-39,-14.9,-232823,-8.3,-228980,-11.5,837,5.6,16,7.7,836,7.7
39117,5,722515,78,0,2020,A,N,2,0,0,0,0,0,0,N,0.62,0,0,0,0,0,0,N,-1,-33.3,0,0,0,0,0,0,0,0,0,0,0,0
39117,5,81,74,0,2020,A,,30,76,2205511,826198,23201,557,28988,,0.76,0.52,0.56,0.70,1.11,1.08,1.08,,0,0.0,-7,-8.4,-77016,-3.4,-4141,-0.5,1894,8.9,29,5.5,1543,5.6
39117,5,811,75,0,2020,A,,14,21,682878,299777,14229,641,33311,,1.26,0.45,0.49,0.66,1.79,1.11,1.11,,1,7.7,1,5.0,61182,9.8,66051,28.3,3314,30.4,53,9.0,2736,8.9
39117,5,8111,76,0,2020,A,,10,17,597311,254786,12099,676,35136,,1.28,0.52,0.69,0.82,2.47,1.33,1.33,,1,11.1,0,0.0,74326,14.2,71165,38.8,2851,30.8,66,10.8,3440,10.9
39117,5,81111,77,0,2020,A,,8,9,301644,142925,5563,682,35488,,1.80,0.62,0.74,1.01,2.56,1.26,1.27,,1,14.3,1,12.5,94392,45.5,46321,47.9,1571,39.4,179,35.6,9309,35.6
39117,5,811111,78,0,2020,A,,8,9,301644,142925,5563,682,35488,,2.04,0.70,0.84,1.14,2.86,1.26,1.26,,1,14.3,1,12.5,94392,45.5,46321,47.9,1571,39.4,179,35.6,9309,35.6
39117,5,81112,77,0,2020,A,N,1,0,0,0,0,0,0,N,0.51,0,0,0,0,0,0,N,0,0.0,0,0,0,0,0,0,0,0,0,0,0,0
39117,5,811121,78,0,2020,A,N,1,0,0,0,0,0,0,N,0.60,0,0,0,0,0,0,N,0,0.0,0,0,0,0,0,0,0,0,0,0,0,0
39117,5,81119,77,0,2020,A,N,1,0,0,0,0,0,0,N,0.70,0,0,0,0,0,0,N,0,0.0,0,0,0,0,0,0,0,0,0,0,0,0
39117,5,811198,78,0,2020,A,N,1,0,0,0,0,0,0,N,3.45,0,0,0,0,0,0,N,0,0.0,0,0,0,0,0,0,0,0,0,0,0,0
39117,5,8113,76,0,2020,A,N,2,0,0,0,0,0,0,N,1.44,0,0,0,0,0,0,N,-1,-33.3,0,0,0,0,0,0,0,0,0,0,0,0
39117,5,81131,77,0,2020,A,N,2,0,0,0,0,0,0,N,1.44,0,0,0,0,0,0,N,-1,-33.3,0,0,0,0,0,0,0,0,0,0,0,0
39117,5,811310,78,0,2020,A,N,2,0,0,0,0,0,0,N,1.44,0,0,0,0,0,0,N,-1,-33.3,0,0,0,0,0,0,0,0,0,0,0,0
39117,5,8114,76,0,2020,A,N,2,0,0,0,0,0,0,N,1.85,0,0,0,0,0,0,N,0,0.0,0,0,0,0,0,0,0,0,0,0,0,0
39117,5,81141,77,0,2020,A,N,1,0,0,0,0,0,0,N,2.96,0,0,0,0,0,0,N,0,0.0,0,0,0,0,0,0,0,0,0,0,0,0
39117,5,811412,78,0,2020,A,N,1,0,0,0,0,0,0,N,3.99,0,0,0,0,0,0,N,0,0.0,0,0,0,0,0,0,0,0,0,0,0,0
39117,5,81149,77,0,2020,A,N,1,0,0,0,0,0,0,N,1.90,0,0,0,0,0,0,N,0,0.0,0,0,0,0,0,0,0,0,0,0,0,0
39117,5,811490,78,0,2020,A,N,1,0,0,0,0,0,0,N,1.90,0,0,0,0,0,0,N,0,0.0,0,0,0,0,0,0,0,0,0,0,0,0
39117,5,812,75,0,2020,A,N,8,0,0,0,0,0,0,N,0.71,0,0,0,0,0,0,N,0,0.0,0,0,0,0,0,0,0,0,0,0,0,0
39117,5,8121,76,0,2020,A,N,1,0,0,0,0,0,0,N,0.15,0,0,0,0,0,0,N,0,0.0,0,0,0,0,0,0,0,0,0,0,0,0
39117,5,81211,77,0,2020,A,N,1,0,0,0,0,0,0,N,0.19,0,0,0,0,0,0,N,0,0.0,0,0,0,0,0,0,0,0,0,0,0,0
39117,5,812112,78,0,2020,A,N,1,0,0,0,0,0,0,N,0.28,0,0,0,0,0,0,N,0,0.0,0,0,0,0,0,0,0,0,0,0,0,0
39117,5,8122,76,0,2020,A,N,2,0,0,0,0,0,0,N,2.30,0,0,0,0,0,0,N,0,0.0,0,0,0,0,0,0,0,0,0,0,0,0
39117,5,81221,77,0,2020,A,N,2,0,0,0,0,0,0,N,3.04,0,0,0,0,0,0,N,0,0.0,0,0,0,0,0,0,0,0,0,0,0,0
39117,5,812210,78,0,2020,A,N,2,0,0,0,0,0,0,N,3.04,0,0,0,0,0,0,N,0,0.0,0,0,0,0,0,0,0,0,0,0,0,0
39117,5,8123,76,0,2020,A,N,1,0,0,0,0,0,0,N,0.69,0,0,0,0,0,0,N,0,0.0,0,0,0,0,0,0,0,0,0,0,0,0
39117,5,81231,77,0,2020,A,N,1,0,0,0,0,0,0,N,2.20,0,0,0,0,0,0,N,0,0.0,0,0,0,0,0,0,0,0,0,0,0,0
39117,5,812310,78,0,2020,A,N,1,0,0,0,0,0,0,N,2.20,0,0,0,0,0,0,N,0,0.0,0,0,0,0,0,0,0,0,0,0,0,0
39117,5,8129,76,0,2020,A,,4,7,123866,55511,677,349,18127,,1.64,0.66,0.60,0.64,0.42,0.93,0.93,,0,0.0,1,16.7,-2014,-1.6,1190,2.2,-370,-35.3,-49,-12.3,-2566,-12.4
39117,5,81291,77,0,2020,A,,4,7,123866,55511,677,349,18127,,3.98,1.54,1.81,1.56,1.20,1.21,1.21,,0,0.0,1,16.7,-2014,-1.6,1190,2.2,-370,-35.3,-49,-12.3,-2566,-12.4
39117,5,812910,78,0,2020,A,,4,7,123866,55511,677,349,18127,,3.98,1.54,1.81,1.56,1.20,1.21,1.21,,0,0.0,1,16.7,-2014,-1.6,1190,2.2,-370,-35.3,-49,-12.3,-2566,-12.4
39117,5,813,75,0,2020,A,,5,33,828169,326494,5147,486,25288,,0.68,0.72,0.55,1.18,0.96,0.77,0.77,,-1,-16.7,-8,-19.5,-217388,-20.8,-72808,-18.2,-2260,-30.5,-8,-1.6,-422,-1.6
39117,5,8131,76,0,2020,A,N,1,0,0,0,0,0,0,N,0.87,0,0,0,0,0,0,N,0,0.0,0,0,0,0,0,0,0,0,0,0,0,0
39117,5,81311,77,0,2020,A,N,1,0,0,0,0,0,0,N,0.87,0,0,0,0,0,0,N,0,0.0,0,0,0,0,0,0,0,0,0,0,0,0
39117,5,813110,78,0,2020,A,N,1,0,0,0,0,0,0,N,0.87,0,0,0,0,0,0,N,0,0.0,0,0,0,0,0,0,0,0,0,0,0,0
39117,5,8134,76,0,2020,A,N,1,0,0,0,0,0,0,N,0.82,0,0,0,0,0,0,N,-1,-50.0,0,0,0,0,0,0,0,0,0,0,0,0
39117,5,81341,77,0,2020,A,N,1,0,0,0,0,0,0,N,0.82,0,0,0,0,0,0,N,-1,-50.0,0,0,0,0,0,0,0,0,0,0,0,0
39117,5,813410,78,0,2020,A,N,1,0,0,0,0,0,0,N,0.82,0,0,0,0,0,0,N,-1,-50.0,0,0,0,0,0,0,0,0,0,0,0,0
39117,5,8139,76,0,2020,A,N,3,0,0,0,0,0,0,N,1.04,0,0,0,0,0,0,N,0,0.0,0,0,0,0,0,0,0,0,0,0,0,0
39117,5,81391,77,0,2020,A,N,2,0,0,0,0,0,0,N,2.13,0,0,0,0,0,0,N,0,0.0,0,0,0,0,0,0,0,0,0,0,0,0
39117,5,813910,78,0,2020,A,N,2,0,0,0,0,0,0,N,2.13,0,0,0,0,0,0,N,0,0.0,0,0,0,0,0,0,0,0,0,0,0,0
39117,5,81399,77,0,2020,A,N,1,0,0,0,0,0,0,N,1.38,0,0,0,0,0,0,N,0,0.0,0,0,0,0,0,0,0,0,0,0,0,0
39117,5,813990,78,0,2020,A,N,1,0,0,0,0,0,0,N,1.38,0,0,0,0,0,0,N,0,0.0,0,0,0,0,0,0,0,0,0,0,0,0
39117,5,814,75,0,2020,A,N,3,0,0,0,0,0,0,N,0.31,0,0,0,0,0,0,N,0,0.0,0,0,0,0,0,0,0,0,0,0,0,0
39117,5,8141,76,0,2020,A,N,3,0,0,0,0,0,0,N,0.31,0,0,0,0,0,0,N,0,0.0,0,0,0,0,0,0,0,0,0,0,0,0
39117,5,81411,77,0,2020,A,N,3,0,0,0,0,0,0,N,0.31,0,0,0,0,0,0,N,0,0.0,0,0,0,0,0,0,0,0,0,0,0,0
39117,5,814110,78,0,2020,A,N,3,0,0,0,0,0,0,N,0.31,0,0,0,0,0,0,N,0,0.0,0,0,0,0,0,0,0,0,0,0,0,0
39117,5,99,74,0,2020,A,,1,1,49069,25635,692,944,49069,,0.12,0.20,0.24,0.37,0.34,1.22,1.22,,0,0.0,1,100.0,32627,198.4,16135,169.8,436,170.3,-5,-0.5,-257,-0.5
39117,5,999,75,0,2020,A,,1,1,49069,25635,692,944,49069,,0.12,0.20,0.24,0.37,0.34,1.22,1.22,,0,0.0,1,100.0,32627,198.4,16135,169.8,436,170.3,-5,-0.5,-257,-0.5
39117,5,9999,76,0,2020,A,,1,1,49069,25635,692,944,49069,,0.12,0.20,0.24,0.37,0.34,1.22,1.22,,0,0.0,1,100.0,32627,198.4,16135,169.8,436,170.3,-5,-0.5,-257,-0.5
39117,5,99999,77,0,2020,A,,1,1,49069,25635,692,944,49069,,0.12,0.20,0.24,0.37,0.34,1.22,1.22,,0,0.0,1,100.0,32627,198.4,16135,169.8,436,170.3,-5,-0.5,-257,-0.5
39117,5,999999,78,0,2020,A,,1,1,49069,25635,692,944,49069,,0.12,0.20,0.24,0.37,0.34,1.22,1.22,,0,0.0,1,100.0,32627,198.4,16135,169.8,436,170.3,-5,-0.5,-257,-0.5
